fips,county_name,state_abbr,wind_breakeven_cost_btm,wind_tp_btm,wind_ep_btm
40139,Texas,OK,4003,74.3,0.0
53043,Lincoln,WA,3267,65.0,0.0
35057,Torrance,NM,3970,61.9,0.0
35059,Union,NM,7826,36.6,36.6
26067,Ionia,MI,5820,33.1,33.1
08063,Kit Carson,CO,7507,31.5,31.5
30051,Liberty,MT,6249,30.6,30.6
27069,Kittson,MN,4839,30.0,0.0
48109,Culberson,TX,6800,29.2,29.2
35013,Do√±a Ana,NM,3734,25.6,0.0
38105,Williams,ND,4798,21.7,9.8
18157,Tippecanoe,IN,5460,21.0,0.9
40077,Latimer,OK,970,20.6,0.0
48421,Sherman,TX,4821,18.1,5.9
36045,Jefferson,NY,5214,17.6,5.1
48229,Hudspeth,TX,4304,15.3,14.5
01101,Montgomery,AL,2480,13.3,0.0
48283,La Salle,TX,3976,12.8,0.0
46099,Minnehaha,SD,5875,12.5,12.5
48105,Crockett,TX,7346,12.4,12.4
17031,Cook,IL,4986,12.3,0.9
46069,Hyde,SD,4937,12.1,12.1
38041,Hettinger,ND,5162,10.5,5.3
06047,Merced,CA,9254,10.4,5.7
38029,Emmons,ND,4524,10.1,2.6
48011,Armstrong,TX,6818,9.8,9.8
38049,McHenry,ND,3963,9.4,0.0
49003,Box Elder,UT,6146,9.4,9.4
36065,Oneida,NY,3081,9.3,0.0
04015,Mohave,AZ,5046,8.7,8.2
27045,Fillmore,MN,7823,8.5,8.5
45029,Colleton,SC,2100,8.1,0.0
13033,Burke,GA,2958,8.1,0.0
37061,Duplin,NC,3992,8.0,0.0
27091,Martin,MN,7567,7.9,7.9
48027,Bell,TX,5043,7.8,1.0
48133,Eastland,TX,7247,7.6,7.1
48479,Webb,TX,6473,7.6,7.6
48371,Pecos,TX,6470,7.4,7.4
08005,Arapahoe,CO,4097,7.2,7.1
08023,Costilla,CO,4520,7.2,7.1
55075,Marinette,WI,3804,7.1,0.0
21047,Christian,KY,4164,7.1,0.0
06071,San Bernardino,CA,12704,7.0,0.3
08021,Conejos,CO,2756,6.9,0.0
06025,Imperial,CA,10324,6.9,6.9
36091,Saratoga,NY,2882,6.9,0.0
48491,Williamson,TX,8063,6.8,6.7
06029,Kern,CA,17469,6.7,0.4
29163,Pike,MO,3791,6.5,0.0
21209,Scott,KY,5814,6.4,6.3
26141,Presque Isle,MI,6954,6.3,6.3
36075,Oswego,NY,4234,6.1,3.2
31177,Washington,NE,4405,6.0,6.0
48489,Willacy,TX,6563,6.0,5.8
48117,Deaf Smith,TX,5070,6.0,6.0
42091,Montgomery,PA,4098,5.9,0.0
18177,Wayne,IN,4718,5.9,5.5
18077,Jefferson,IN,11335,5.8,5.8
38009,Bottineau,ND,4728,5.7,0.5
04017,Navajo,AZ,7177,5.6,0.2
55069,Lincoln,WI,5035,5.5,4.8
41037,Lake,OR,3650,5.4,0.0
06085,Santa Clara,CA,8907,5.4,0.2
48251,Johnson,TX,7042,5.3,5.3
17105,Livingston,IL,5798,5.2,5.2
21151,Madison,KY,4369,5.1,4.5
54003,Berkeley,WV,1748,5.0,0.0
48225,Houston,TX,3503,5.0,0.0
55025,Dane,WI,7233,5.0,1.6
30105,Valley,MT,7873,4.8,4.8
38097,Traill,ND,5165,4.8,2.7
30041,Hill,MT,7182,4.8,4.8
48097,Cooke,TX,6545,4.8,4.8
01061,Geneva,AL,3603,4.7,0.0
17201,Winnebago,IL,6895,4.7,4.6
17173,Shelby,IL,5245,4.6,4.3
01047,Dallas,AL,2872,4.4,0.0
29183,St. Charles,MO,3343,4.3,0.0
55039,Fond du Lac,WI,7649,4.3,1.5
12063,Jackson,FL,2456,4.3,0.0
30035,Glacier,MT,7120,4.2,4.2
49021,Iron,UT,4194,4.1,1.5
30071,Phillips,MT,6836,4.1,4.1
21185,Oldham,KY,3404,4.0,0.0
48453,Travis,TX,4624,3.9,2.9
36013,Chautauqua,NY,4776,3.9,2.2
16073,Owyhee,ID,3924,3.8,0.0
27021,Cass,MN,6543,3.7,3.7
18149,Starke,IN,5004,3.7,3.7
20099,Labette,KS,6213,3.7,1.8
29081,Harrison,MO,3702,3.7,0.0
18053,Grant,IN,5693,3.5,3.5
08123,Weld,CO,3482,3.5,2.6
48209,Hays,TX,7124,3.5,3.5
20021,Cherokee,KS,5930,3.5,3.5
17001,Adams,IL,6131,3.5,3.5
12113,Santa Rosa,FL,5352,3.4,1.7
16069,Nez Perce,ID,4467,3.4,3.4
38023,Divide,ND,4796,3.3,0.6
08075,Logan,CO,4272,3.3,0.6
38099,Walsh,ND,6041,3.3,3.3
12099,Palm Beach,FL,4439,3.3,1.1
48295,Lipscomb,TX,3389,3.3,0.0
46063,Harding,SD,5720,3.3,3.3
32011,Eureka,NV,2178,3.3,0.0
48309,McLennan,TX,8355,3.2,3.2
36089,St. Lawrence,NY,3904,3.2,0.0
48305,Lynn,TX,6340,3.2,3.2
06073,San Diego,CA,5164,3.1,0.6
36017,Chenango,NY,5211,3.1,2.6
48101,Cottle,TX,5453,3.1,3.1
35029,Luna,NM,5140,3.1,3.1
21101,Henderson,KY,5145,3.0,3.0
55023,Crawford,WI,2762,3.0,0.0
28101,Newton,MS,3005,3.0,0.0
48497,Wise,TX,7263,3.0,2.9
46037,Day,SD,4755,3.0,3.0
54077,Preston,WV,2729,2.9,0.0
05107,Phillips,AR,3553,2.9,0.0
42039,Crawford,PA,3598,2.9,0.2
36081,Queens,NY,4416,2.9,0.4
12101,Pasco,FL,3149,2.9,0.0
36005,Bronx,NY,3714,2.9,0.0
36067,Onondaga,NY,3749,2.9,0.0
13141,Hancock,GA,2192,2.9,0.0
48419,Shelby,TX,2066,2.8,0.0
06111,Ventura,CA,7809,2.8,0.2
30091,Sheridan,MT,4237,2.8,0.0
16027,Canyon,ID,3851,2.7,0.0
36073,Orleans,NY,5321,2.6,2.6
30015,Chouteau,MT,7451,2.6,2.6
48493,Wilson,TX,4986,2.6,2.6
46029,Codington,SD,6983,2.6,2.6
04019,Pima,AZ,4310,2.6,1.8
28147,Walthall,MS,2448,2.5,0.0
48253,Jones,TX,5587,2.5,2.5
36043,Herkimer,NY,4440,2.5,0.5
21017,Bourbon,KY,4632,2.5,1.3
48149,Fayette,TX,4743,2.5,2.0
31101,Keith,NE,5094,2.5,0.2
29205,Shelby,MO,4111,2.4,0.8
30005,Blaine,MT,7748,2.4,2.4
36019,Clinton,NY,4266,2.4,0.4
38093,Stutsman,ND,4673,2.4,0.0
45055,Kershaw,SC,2687,2.3,0.0
18055,Greene,IN,6033,2.3,2.3
38083,Sheridan,ND,4325,2.3,0.7
30057,Madison,MT,5493,2.3,2.3
21213,Simpson,KY,4025,2.3,0.0
06019,Fresno,CA,11140,2.3,0.4
06059,Orange,CA,3029,2.2,0.1
20157,Republic,KS,5981,2.2,2.2
06049,Modoc,CA,13749,2.2,2.2
26033,Chippewa,MI,7636,2.2,2.2
37151,Randolph,NC,3219,2.2,0.0
28011,Bolivar,MS,5688,2.2,2.2
21161,Mason,KY,4537,2.2,2.2
26099,Macomb,MI,5790,2.2,1.5
48331,Milam,TX,4649,2.2,1.9
25027,Worcester,MA,9639,2.2,1.1
48029,Bexar,TX,4025,2.2,0.4
31031,Cherry,NE,6330,2.2,2.2
27071,Koochiching,MN,5971,2.2,2.2
48499,Wood,TX,4000,2.2,1.0
29135,Moniteau,MO,3527,2.2,0.0
36037,Genesee,NY,3837,2.2,0.0
37125,Moore,NC,2800,2.1,0.0
54069,Ohio,WV,2703,2.1,0.0
17053,Ford,IL,4680,2.1,1.1
27005,Becker,MN,7104,2.1,2.0
21097,Harrison,KY,5172,2.1,2.1
21009,Barren,KY,4952,2.1,0.8
48293,Limestone,TX,4646,2.0,1.9
40015,Caddo,OK,5506,2.0,1.4
55135,Waupaca,WI,3731,2.0,0.3
49027,Millard,UT,2991,2.0,0.0
12121,Suwannee,FL,2490,2.0,0.0
18183,Whitley,IN,6061,2.0,2.0
30085,Roosevelt,MT,6224,2.0,2.0
46123,Tripp,SD,6455,2.0,2.0
17011,Bureau,IL,5116,1.9,1.9
30099,Teton,MT,5612,1.9,1.9
29091,Howell,MO,3415,1.9,0.0
29041,Chariton,MO,3289,1.9,0.0
18005,Bartholomew,IN,4393,1.9,0.1
20141,Osborne,KS,5046,1.9,1.1
08105,Rio Grande,CO,3465,1.9,0.0
40081,Lincoln,OK,4602,1.8,1.1
48277,Lamar,TX,3357,1.8,0.0
29101,Johnson,MO,4369,1.8,0.5
31063,Frontier,NE,5422,1.8,1.8
36063,Niagara,NY,4512,1.8,0.5
48367,Parker,TX,5822,1.8,1.8
48071,Chambers,TX,4614,1.8,1.2
28083,Leflore,MS,2414,1.8,0.0
36093,Schenectady,NY,4582,1.8,1.3
40145,Wagoner,OK,3850,1.8,0.0
48401,Rusk,TX,3113,1.8,0.0
24031,Montgomery,MD,4008,1.8,0.1
55087,Outagamie,WI,5120,1.8,0.0
06037,Los Angeles,CA,3808,1.8,0.3
06021,Glenn,CA,9560,1.7,1.7
08087,Morgan,CO,3927,1.7,0.0
12039,Gadsden,FL,2908,1.7,0.0
46013,Brown,SD,5000,1.7,1.7
56031,Platte,WY,4859,1.7,0.4
45073,Oconee,SC,2047,1.7,0.0
46091,Marshall,SD,6534,1.7,1.7
18049,Fulton,IN,4741,1.7,1.7
28009,Benton,MS,2949,1.7,0.0
06065,Riverside,CA,4968,1.6,0.5
01105,Perry,AL,3557,1.6,0.0
46105,Perkins,SD,4516,1.6,0.8
12086,Miami-Dade,FL,5009,1.6,0.3
08073,Lincoln,CO,5271,1.6,1.6
48327,Menard,TX,9145,1.6,1.6
27137,St. Louis,MN,5469,1.6,1.3
21045,Casey,KY,4186,1.6,1.5
40049,Garvin,OK,4411,1.6,0.4
28067,Jones,MS,2783,1.6,0.0
31001,Adams,NE,6168,1.6,1.6
17077,Jackson,IL,3839,1.6,0.0
20185,Stafford,KS,6685,1.6,1.6
31125,Nance,NE,6187,1.6,1.6
05037,Cross,AR,3892,1.6,0.0
12011,Broward,FL,5025,1.6,0.3
36029,Erie,NY,4471,1.6,0.7
48165,Gaines,TX,3603,1.6,0.0
18113,Noble,IN,5159,1.6,1.6
55043,Grant,WI,5002,1.5,0.9
18003,Allen,IN,6236,1.5,0.9
39045,Fairfield,OH,3391,1.5,0.0
36055,Monroe,NY,2180,1.5,0.0
31109,Lancaster,NE,6453,1.5,0.1
29147,Nodaway,MO,4620,1.5,1.5
18151,Steuben,IN,5030,1.5,1.5
36027,Dutchess,NY,2737,1.5,0.0
40047,Garfield,OK,5188,1.5,1.5
21239,Woodford,KY,3580,1.5,0.0
36021,Columbia,NY,4379,1.5,0.4
40129,Roger Mills,OK,8413,1.5,1.5
16051,Jefferson,ID,3603,1.5,0.0
56035,Sublette,WY,3540,1.5,0.2
06107,Tulare,CA,3879,1.4,0.2
18181,White,IN,8768,1.4,1.4
48113,Dallas,TX,7254,1.4,1.0
55123,Vernon,WI,4766,1.4,0.0
13247,Rockdale,GA,1399,1.4,0.0
45019,Charleston,SC,6929,1.4,1.0
26163,Wayne,MI,6530,1.4,1.4
40101,Muskogee,OK,3470,1.4,0.0
29119,McDonald,MO,3295,1.4,0.0
36009,Cattaraugus,NY,5160,1.4,0.5
21087,Green,KY,3310,1.4,0.0
18031,Decatur,IN,6066,1.4,1.4
25001,Barnstable,MA,13828,1.4,1.4
40133,Seminole,OK,4754,1.4,1.2
05031,Craighead,AR,3591,1.4,0.0
32013,Humboldt,NV,3195,1.4,0.0
39005,Ashland,OH,3593,1.4,0.0
20087,Jefferson,KS,6071,1.4,1.4
39173,Wood,OH,5207,1.3,0.3
21141,Logan,KY,6746,1.3,1.1
48039,Brazoria,TX,3603,1.3,0.0
25009,Essex,MA,9784,1.3,1.3
30073,Pondera,MT,7166,1.3,1.3
36105,Sullivan,NY,5482,1.3,0.5
40103,Noble,OK,4367,1.3,0.0
48185,Grimes,TX,4952,1.3,1.3
21229,Washington,KY,3065,1.3,0.0
20173,Sedgwick,KS,6367,1.3,1.3
48121,Denton,TX,5160,1.3,0.1
28091,Marion,MS,1935,1.3,0.0
12115,Sarasota,FL,3250,1.3,0.0
55021,Columbia,WI,4420,1.3,0.2
29203,Shannon,MO,3088,1.3,0.0
53061,Snohomish,WA,1959,1.3,0.0
45009,Bamberg,SC,3780,1.3,0.0
27141,Sherburne,MN,6305,1.3,1.3
30047,Lake,MT,4045,1.3,0.0
12103,Pinellas,FL,4479,1.2,0.3
21137,Lincoln,KY,4639,1.2,0.2
17075,Iroquois,IL,3679,1.2,0.0
42019,Butler,PA,4356,1.2,0.4
48257,Kaufman,TX,4627,1.2,0.3
18093,Lawrence,IN,5153,1.2,1.2
06083,Santa Barbara,CA,3729,1.2,0.0
55121,Trempealeau,WI,3995,1.2,0.0
36011,Cayuga,NY,4563,1.2,0.1
20093,Kearny,KS,4448,1.2,1.2
17193,White,IL,2839,1.2,0.0
46053,Gregory,SD,6415,1.2,1.2
17099,LaSalle,IL,4361,1.2,1.1
20085,Jackson,KS,6369,1.2,1.2
48359,Oldham,TX,6330,1.1,1.1
37069,Franklin,NC,3428,1.1,0.0
38015,Burleigh,ND,5066,1.1,0.5
36059,Nassau,NY,3792,1.1,0.0
29121,Macon,MO,3588,1.1,0.0
18039,Elkhart,IN,5267,1.1,1.0
45015,Berkeley,SC,4179,1.1,0.0
18091,LaPorte,IN,5659,1.1,1.1
37143,Perquimans,NC,4641,1.1,1.1
17129,Menard,IL,3520,1.1,0.0
20041,Dickinson,KS,5797,1.1,1.1
17137,Morgan,IL,3981,1.1,0.0
42117,Tioga,PA,6203,1.1,0.7
26125,Oakland,MI,6540,1.1,1.1
20119,Meade,KS,5517,1.1,0.8
39171,Williams,OH,5817,1.1,1.1
18011,Boone,IN,5742,1.1,1.1
48495,Winkler,TX,4167,1.1,0.0
17141,Ogle,IL,6248,1.1,1.1
05023,Cleburne,AR,2967,1.1,0.0
19107,Keokuk,IA,2790,1.1,0.0
18127,Porter,IN,5858,1.1,1.1
19065,Fayette,IA,2991,1.1,0.0
05127,Scott,AR,2116,1.1,0.0
19043,Clayton,IA,2543,1.1,0.0
35009,Curry,NM,6552,1.1,1.1
20183,Smith,KS,4625,1.0,0.8
29051,Cole,MO,3627,1.0,0.0
48001,Anderson,TX,2340,1.0,0.0
31011,Boone,NE,5384,1.0,1.0
21001,Adair,KY,4109,1.0,0.0
29145,Newton,MO,5116,1.0,0.3
20029,Cloud,KS,5413,1.0,1.0
34023,Middlesex,NJ,6468,1.0,0.8
29195,Saline,MO,3894,1.0,0.0
55141,Wood,WI,5809,1.0,1.0
38079,Rolette,ND,4345,1.0,0.2
42029,Chester,PA,2945,1.0,0.0
48255,Karnes,TX,4154,1.0,0.5
31039,Cuming,NE,6570,1.0,1.0
30011,Carter,MT,7547,1.0,1.0
21207,Russell,KY,5562,1.0,0.3
18095,Madison,IN,5327,1.0,0.9
30087,Rosebud,MT,6211,1.0,1.0
47109,McNairy,TN,2764,1.0,0.0
28055,Issaquena,MS,2087,1.0,0.0
48355,Nueces,TX,6163,1.0,0.9
36071,Orange,NY,4617,1.0,0.2
47023,Chester,TN,2757,1.0,0.0
20027,Clay,KS,5511,1.0,1.0
48201,Harris,TX,3576,1.0,0.0
36111,Ulster,NY,973,1.0,0.0
25021,Norfolk,MA,10776,1.0,1.0
48051,Burleson,TX,3427,1.0,0.0
01003,Baldwin,AL,7162,1.0,0.8
45017,Calhoun,SC,3973,1.0,0.0
21005,Anderson,KY,5159,1.0,0.8
48451,Tom Green,TX,6119,1.0,0.0
48325,Medina,TX,2775,1.0,0.0
28099,Neshoba,MS,2685,0.9,0.0
18131,Pulaski,IN,4888,0.9,0.7
08001,Adams,CO,2820,0.9,0.0
21135,Lewis,KY,4847,0.9,0.9
04003,Cochise,AZ,4196,0.9,0.1
28029,Copiah,MS,1788,0.9,0.0
48219,Hockley,TX,3134,0.9,0.0
55099,Price,WI,4110,0.9,0.0
31131,Otoe,NE,6006,0.9,0.9
35005,Chaves,NM,4072,0.9,0.8
05123,St. Francis,AR,3222,0.9,0.0
47017,Carroll,TN,3121,0.9,0.0
31027,Cedar,NE,6735,0.9,0.9
21227,Warren,KY,4791,0.9,0.2
21031,Butler,KY,2707,0.9,0.0
31019,Buffalo,NE,6300,0.9,0.9
48349,Navarro,TX,4649,0.9,0.7
46011,Brookings,SD,5457,0.9,0.9
29201,Scott,MO,3178,0.9,0.0
17073,Henry,IL,5131,0.9,0.9
21083,Graves,KY,5510,0.9,0.9
46005,Beadle,SD,5151,0.9,0.9
45057,Lancaster,SC,3452,0.9,0.0
18121,Parke,IN,4127,0.9,0.0
48021,Bastrop,TX,4085,0.9,0.0
29115,Linn,MO,3860,0.9,0.0
40059,Harper,OK,3732,0.9,0.0
40041,Delaware,OK,5179,0.9,0.5
45051,Horry,SC,4044,0.9,0.0
04021,Pinal,AZ,3567,0.9,0.0
21179,Nelson,KY,3340,0.9,0.0
29199,Scotland,MO,4188,0.9,0.0
17051,Fayette,IL,4262,0.9,0.6
29029,Camden,MO,3613,0.9,0.0
20015,Butler,KS,6768,0.9,0.9
20171,Scott,KS,6027,0.9,0.9
28061,Jasper,MS,2241,0.9,0.0
48485,Wichita,TX,6568,0.9,0.9
08013,Boulder,CO,2775,0.9,0.0
26109,Menominee,MI,6204,0.9,0.9
20195,Trego,KS,5953,0.9,0.9
31167,Stanton,NE,5894,0.9,0.8
27151,Swift,MN,7643,0.9,0.9
20023,Cheyenne,KS,4912,0.9,0.9
05013,Calhoun,AR,2203,0.9,0.0
20059,Franklin,KS,5908,0.9,0.0
46115,Spink,SD,5211,0.9,0.9
27101,Murray,MN,8405,0.9,0.9
26111,Midland,MI,6738,0.9,0.9
40113,Osage,OK,3982,0.8,0.0
46071,Jackson,SD,6675,0.8,0.0
20115,Marion,KS,7611,0.8,0.8
28057,Itawamba,MS,1765,0.8,0.0
29123,Madison,MO,3293,0.8,0.0
46079,Lake,SD,6000,0.8,0.8
05065,Izard,AR,2534,0.8,0.0
20095,Kingman,KS,6575,0.8,0.8
26165,Wexford,MI,7117,0.8,0.4
27165,Watonwan,MN,7704,0.8,0.8
31165,Sioux,NE,4311,0.8,0.0
20009,Barton,KS,6102,0.8,0.8
19153,Polk,IA,4723,0.8,0.2
31147,Richardson,NE,6443,0.8,0.8
20047,Edwards,KS,6383,0.8,0.8
48055,Caldwell,TX,3191,0.8,0.0
31107,Knox,NE,7579,0.8,0.8
08069,Larimer,CO,3983,0.8,0.1
48335,Mitchell,TX,3605,0.8,0.0
31097,Johnson,NE,5706,0.8,0.8
31139,Pierce,NE,7257,0.8,0.8
46067,Hutchinson,SD,5386,0.8,0.8
40109,Oklahoma,OK,4548,0.8,0.4
45083,Spartanburg,SC,2472,0.8,0.0
10001,Kent,DE,5136,0.8,0.8
39025,Clermont,OH,4712,0.8,0.3
34019,Hunterdon,NJ,5860,0.8,0.8
40093,Major,OK,4534,0.8,0.0
26051,Gladwin,MI,6039,0.8,0.8
35021,Harding,NM,5729,0.8,0.8
31087,Hitchcock,NE,5615,0.8,0.8
31077,Greeley,NE,6461,0.8,0.8
20069,Gray,KS,4962,0.8,0.8
31093,Howard,NE,5902,0.8,0.8
31141,Platte,NE,5051,0.8,0.8
28133,Sunflower,MS,3438,0.8,0.0
18075,Jay,IN,5414,0.8,0.8
29133,Mississippi,MO,3376,0.8,0.0
42041,Cumberland,PA,3597,0.8,0.0
29131,Miller,MO,2959,0.8,0.0
13165,Jenkins,GA,3178,0.8,0.0
19061,Dubuque,IA,2929,0.8,0.0
12087,Monroe,FL,7200,0.8,0.3
56003,Big Horn,WY,3675,0.8,0.0
05009,Boone,AR,3744,0.8,0.0
40057,Harmon,OK,4050,0.7,0.0
26117,Montcalm,MI,6809,0.7,0.7
40009,Beckham,OK,5060,0.7,0.0
20003,Anderson,KS,6812,0.7,0.7
39051,Fulton,OH,5237,0.7,0.7
18137,Ripley,IN,2791,0.7,0.0
20033,Comanche,KS,5603,0.7,0.7
36069,Ontario,NY,4095,0.7,0.0
27009,Benton,MN,8206,0.7,0.7
17043,DuPage,IL,4616,0.7,0.3
17135,Montgomery,IL,3850,0.7,0.0
39037,Darke,OH,5289,0.7,0.4
18111,Newton,IN,4822,0.7,0.7
27115,Pine,MN,4669,0.7,0.3
46073,Jerauld,SD,6785,0.7,0.7
31185,York,NE,16998,0.7,0.7
01005,Barbour,AL,3219,0.7,0.0
21143,Lyon,KY,4770,0.7,0.7
36047,Kings,NY,6005,0.7,0.3
13099,Early,GA,3521,0.7,0.0
42133,York,PA,3936,0.7,0.1
28119,Quitman,MS,2767,0.7,0.0
17091,Kankakee,IL,4086,0.7,0.0
48175,Goliad,TX,4012,0.7,0.0
33015,Rockingham,NH,7507,0.7,0.7
33011,Hillsborough,NH,6184,0.7,0.7
29023,Butler,MO,2760,0.7,0.0
42005,Armstrong,PA,4164,0.7,0.0
21049,Clark,KY,4835,0.7,0.5
39011,Auglaize,OH,4442,0.7,0.4
12021,Collier,FL,3360,0.7,0.0
25017,Middlesex,MA,9589,0.7,0.7
38091,Steele,ND,6063,0.7,0.7
48089,Colorado,TX,4796,0.7,0.4
26005,Allegan,MI,5154,0.7,0.7
16071,Oneida,ID,1871,0.7,0.0
05135,Sharp,AR,3023,0.7,0.0
18025,Crawford,IN,2141,0.7,0.0
21191,Pendleton,KY,2012,0.7,0.0
08109,Saguache,CO,1283,0.7,0.0
53073,Whatcom,WA,4147,0.7,0.1
55115,Shawano,WI,4713,0.7,0.3
55073,Marathon,WI,3861,0.7,0.0
55019,Clark,WI,3713,0.7,0.0
18023,Clinton,IN,5932,0.7,0.7
27027,Clay,MN,9284,0.7,0.7
12081,Manatee,FL,4572,0.7,0.1
47069,Hardeman,TN,2922,0.7,0.0
18175,Washington,IN,4429,0.7,0.7
27033,Cottonwood,MN,8794,0.7,0.7
13067,Cobb,GA,2517,0.7,0.0
17021,Christian,IL,3852,0.7,0.0
55071,Manitowoc,WI,5292,0.7,0.1
48291,Liberty,TX,3233,0.7,0.0
13221,Oglethorpe,GA,3068,0.7,0.0
36053,Madison,NY,4354,0.7,0.3
17107,Logan,IL,3975,0.7,0.0
13175,Laurens,GA,3175,0.7,0.0
19015,Boone,IA,3091,0.7,0.0
36035,Fulton,NY,3461,0.7,0.0
18061,Harrison,IN,4493,0.7,0.1
48087,Collingsworth,TX,4653,0.7,0.7
21183,Ohio,KY,4158,0.7,0.0
29229,Wright,MO,3919,0.6,0.0
08041,El Paso,CO,5438,0.6,0.4
38013,Burke,ND,6827,0.6,0.6
26081,Kent,MI,6662,0.6,0.6
45075,Orangeburg,SC,4587,0.6,0.4
09001,Fairfield,CT,7481,0.6,0.6
18037,Dubois,IN,5130,0.6,0.6
19173,Taylor,IA,3037,0.6,0.0
28153,Wayne,MS,2551,0.6,0.0
27001,Aitkin,MN,5883,0.6,0.6
27169,Winona,MN,7270,0.6,0.6
27089,Marshall,MN,6943,0.6,0.6
19047,Crawford,IA,3461,0.6,0.0
31105,Kimball,NE,7337,0.6,0.6
36049,Lewis,NY,4228,0.6,0.0
23017,Oxford,ME,4857,0.6,0.6
42129,Westmoreland,PA,545,0.6,0.0
19045,Clinton,IA,2586,0.6,0.0
53063,Spokane,WA,2721,0.6,0.0
21125,Laurel,KY,3381,0.6,0.0
37123,Montgomery,NC,3741,0.6,0.0
12083,Marion,FL,2997,0.6,0.0
54037,Jefferson,WV,4106,0.6,0.0
37179,Union,NC,3412,0.6,0.0
55119,Taylor,WI,3999,0.6,0.0
20155,Reno,KS,6939,0.6,0.6
39147,Seneca,OH,5795,0.6,0.6
48015,Austin,TX,3427,0.6,0.0
18085,Kosciusko,IN,5013,0.6,0.4
45089,Williamsburg,SC,1962,0.6,0.0
48471,Walker,TX,3060,0.6,0.0
29141,Morgan,MO,3807,0.6,0.0
27059,Isanti,MN,6174,0.6,0.5
39023,Clark,OH,3860,0.6,0.0
12051,Hendry,FL,2162,0.6,0.0
28019,Choctaw,MS,2070,0.6,0.0
48313,Madison,TX,3342,0.6,0.0
18051,Gibson,IN,5343,0.6,0.6
01125,Tuscaloosa,AL,2558,0.6,0.0
12015,Charlotte,FL,2122,0.6,0.0
37071,Gaston,NC,3972,0.6,0.0
29217,Vernon,MO,4132,0.6,0.0
19093,Ida,IA,3088,0.6,0.0
48093,Comanche,TX,3435,0.6,0.0
48377,Presidio,TX,3498,0.6,0.0
41005,Clackamas,OR,2502,0.6,0.0
05145,White,AR,3349,0.6,0.0
29071,Franklin,MO,3234,0.6,0.0
05113,Polk,AR,2192,0.6,0.0
48287,Lee,TX,3357,0.6,0.0
17115,Macon,IL,3861,0.6,0.0
42015,Bradford,PA,6267,0.6,0.3
13121,Fulton,GA,2761,0.6,0.0
28051,Holmes,MS,1656,0.6,0.0
36007,Broome,NY,2968,0.5,0.0
05055,Greene,AR,3793,0.5,0.0
53033,King,WA,3052,0.5,0.0
47157,Shelby,TN,3458,0.5,0.0
48473,Waller,TX,2639,0.5,0.0
51175,Southampton,VA,4245,0.5,0.0
55095,Polk,WI,4634,0.5,0.3
29017,Bollinger,MO,2399,0.5,0.0
26059,Hillsdale,MI,7487,0.5,0.5
48181,Grayson,TX,6449,0.5,0.5
01049,DeKalb,AL,3689,0.5,0.0
05015,Carroll,AR,3239,0.5,0.0
27153,Todd,MN,7146,0.5,0.2
21145,McCracken,KY,4832,0.5,0.2
26019,Benzie,MI,8391,0.5,0.5
17005,Bond,IL,3621,0.5,0.0
39127,Perry,OH,4101,0.5,0.0
18021,Clay,IN,4692,0.5,0.5
48455,Trinity,TX,2531,0.5,0.0
29083,Henry,MO,3475,0.5,0.0
42085,Mercer,PA,4541,0.5,0.1
31161,Sheridan,NE,4897,0.5,0.5
42055,Franklin,PA,3968,0.5,0.0
28109,Pearl River,MS,2748,0.5,0.0
36033,Franklin,NY,3746,0.5,0.0
12133,Washington,FL,3151,0.5,0.0
19097,Jackson,IA,2265,0.5,0.0
55057,Juneau,WI,4459,0.5,0.0
41017,Deschutes,OR,3191,0.5,0.0
05007,Benton,AR,4492,0.5,0.1
29161,Phelps,MO,3957,0.5,0.2
48457,Tyler,TX,2527,0.5,0.0
19119,Lyon,IA,3004,0.5,0.0
39099,Mahoning,OH,3741,0.5,0.0
53005,Benton,WA,2926,0.5,0.0
27095,Mille Lacs,MN,5252,0.5,0.5
13031,Bulloch,GA,4486,0.5,0.4
17023,Clark,IL,3800,0.5,0.0
04013,Maricopa,AZ,2699,0.5,0.0
21181,Nicholas,KY,3893,0.5,0.0
20149,Pottawatomie,KS,7083,0.5,0.5
28105,Oktibbeha,MS,4397,0.5,0.4
19103,Johnson,IA,2605,0.5,0.0
01039,Covington,AL,2559,0.5,0.0
12075,Levy,FL,1673,0.5,0.0
18109,Morgan,IN,4807,0.5,0.1
51109,Louisa,VA,2927,0.5,0.0
18017,Cass,IN,4284,0.5,0.0
51049,Cumberland,VA,3315,0.5,0.0
42081,Lycoming,PA,121,0.5,0.0
48423,Smith,TX,4245,0.5,0.0
20051,Ellis,KS,5209,0.5,0.5
27097,Morrison,MN,5097,0.5,0.4
16043,Fremont,ID,2712,0.5,0.0
47167,Tipton,TN,3493,0.5,0.0
13129,Gordon,GA,2455,0.5,0.0
19169,Story,IA,2915,0.5,0.0
29045,Clark,MO,3993,0.5,0.0
20117,Marshall,KS,5862,0.5,0.5
18059,Hancock,IN,5337,0.5,0.5
34011,Cumberland,NJ,5357,0.5,0.5
27061,Itasca,MN,5408,0.5,0.5
10005,Sussex,DE,4731,0.5,0.3
29003,Andrew,MO,4272,0.5,0.2
19031,Cedar,IA,2679,0.5,0.0
18159,Tipton,IN,5847,0.5,0.5
17113,McLean,IL,5045,0.5,0.3
24041,Talbot,MD,2393,0.5,0.0
19113,Linn,IA,2721,0.5,0.0
13071,Colquitt,GA,4538,0.5,0.3
47189,Wilson,TN,2842,0.5,0.0
40121,Pittsburg,OK,4196,0.5,0.0
20103,Leavenworth,KS,6183,0.5,0.5
16083,Twin Falls,ID,5545,0.5,0.3
05057,Hempstead,AR,2217,0.5,0.0
18087,LaGrange,IN,5380,0.5,0.5
48157,Fort Bend,TX,3718,0.5,0.0
29067,Douglas,MO,2922,0.5,0.0
55061,Kewaunee,WI,5356,0.5,0.1
55031,Douglas,WI,3167,0.5,0.0
39073,Hocking,OH,3136,0.5,0.0
45043,Georgetown,SC,5230,0.5,0.5
01057,Fayette,AL,3200,0.5,0.0
49049,Utah,UT,2577,0.5,0.0
17027,Clinton,IL,3579,0.5,0.0
20131,Nemaha,KS,6537,0.5,0.5
28159,Winston,MS,1603,0.5,0.0
29073,Gasconade,MO,3095,0.5,0.0
18139,Rush,IN,6408,0.5,0.5
55093,Pierce,WI,4530,0.5,0.1
21225,Union,KY,5948,0.5,0.5
19051,Davis,IA,2551,0.5,0.0
26043,Dickinson,MI,5397,0.5,0.5
39149,Shelby,OH,4702,0.5,0.0
08029,Delta,CO,1662,0.5,0.0
17093,Kendall,IL,3690,0.4,0.0
04001,Apache,AZ,5602,0.4,0.4
45001,Abbeville,SC,2796,0.4,0.0
18141,St. Joseph,IN,6270,0.4,0.4
26015,Barry,MI,5952,0.4,0.4
35001,Bernalillo,NM,3170,0.4,0.0
26061,Houghton,MI,6843,0.4,0.4
05027,Columbia,AR,2077,0.4,0.0
18153,Sullivan,IN,5383,0.4,0.4
36039,Greene,NY,3630,0.4,0.0
39031,Coshocton,OH,4050,0.4,0.0
34015,Gloucester,NJ,6448,0.4,0.4
19053,Decatur,IA,2421,0.4,0.0
39123,Ottawa,OH,5064,0.4,0.4
36031,Essex,NY,3275,0.4,0.0
45079,Richland,SC,3664,0.4,0.0
13185,Lowndes,GA,3132,0.4,0.0
17079,Jasper,IL,3818,0.4,0.0
27007,Beltrami,MN,5919,0.4,0.4
18071,Jackson,IN,3586,0.4,0.0
31151,Saline,NE,5925,0.4,0.4
55067,Langlade,WI,3862,0.4,0.0
26087,Lapeer,MI,6998,0.4,0.4
40005,Atoka,OK,3320,0.4,0.0
13115,Floyd,GA,1804,0.4,0.0
48319,Mason,TX,2594,0.4,0.0
30081,Ravalli,MT,5028,0.4,0.3
19007,Appanoose,IA,2753,0.4,0.0
40067,Jefferson,OK,4008,0.4,0.0
29177,Ray,MO,4637,0.4,0.0
01111,Randolph,AL,2888,0.4,0.0
44009,Washington,RI,7894,0.4,0.4
48161,Freestone,TX,4169,0.4,0.1
51057,Essex,VA,3234,0.4,0.0
47125,Montgomery,TN,3279,0.4,0.0
29019,Boone,MO,3582,0.4,0.0
19111,Lee,IA,2507,0.4,0.0
21173,Montgomery,KY,6576,0.4,0.4
27167,Wilkin,MN,6343,0.4,0.4
20031,Coffey,KS,6179,0.4,0.4
39017,Butler,OH,4629,0.4,0.0
13107,Emanuel,GA,3003,0.4,0.0
18029,Dearborn,IN,3518,0.4,0.0
19035,Cherokee,IA,3562,0.4,0.0
19003,Adams,IA,2500,0.4,0.0
48031,Blanco,TX,4594,0.4,0.4
26085,Lake,MI,6739,0.4,0.4
37049,Craven,NC,3969,0.4,0.0
47009,Blount,TN,1786,0.4,0.0
23027,Waldo,ME,5753,0.4,0.4
53025,Grant,WA,2468,0.4,0.0
39083,Knox,OH,3609,0.4,0.0
18103,Miami,IN,5325,0.4,0.4
37025,Cabarrus,NC,2212,0.4,0.0
12111,St. Lucie,FL,5002,0.4,0.2
13199,Meriwether,GA,2544,0.4,0.0
29151,Osage,MO,2210,0.4,0.0
19095,Iowa,IA,2534,0.4,0.0
29027,Callaway,MO,3548,0.4,0.0
19155,Pottawattamie,IA,3200,0.4,0.0
41035,Klamath,OR,2125,0.4,0.0
29107,Lafayette,MO,4177,0.4,0.2
48439,Tarrant,TX,8405,0.4,0.2
21215,Spencer,KY,5320,0.4,0.4
19041,Clay,IA,3031,0.4,0.0
42071,Lancaster,PA,4559,0.4,0.1
19163,Scott,IA,2694,0.4,0.0
18001,Adams,IN,5104,0.4,0.4
39091,Logan,OH,6227,0.4,0.4
21029,Bullitt,KY,4439,0.4,0.4
22041,Franklin,LA,2963,0.4,0.0
37163,Sampson,NC,3697,0.4,0.0
01127,Walker,AL,2120,0.4,0.0
55101,Racine,WI,4287,0.4,0.1
24045,Wicomico,MD,4967,0.4,0.2
39001,Adams,OH,4188,0.4,0.0
27119,Polk,MN,6923,0.4,0.4
06067,Sacramento,CA,10806,0.4,0.3
27037,Dakota,MN,6216,0.4,0.4
55113,Sawyer,WI,3274,0.4,0.0
22079,Rapides,LA,2698,0.4,0.0
09009,New Haven,CT,7204,0.4,0.3
48193,Hamilton,TX,3366,0.4,0.0
55085,Oneida,WI,3895,0.4,0.0
12079,Madison,FL,2427,0.4,0.0
51131,Northampton,VA,5719,0.4,0.4
47063,Hamblen,TN,2133,0.4,0.0
08035,Douglas,CO,4841,0.4,0.2
48259,Kendall,TX,2742,0.4,0.0
08067,La Plata,CO,1917,0.4,0.0
12119,Sumter,FL,2080,0.4,0.0
18097,Marion,IN,3378,0.4,0.0
39059,Guernsey,OH,2690,0.4,0.0
45031,Darlington,SC,3867,0.4,0.0
21199,Pulaski,KY,2437,0.4,0.0
21043,Carter,KY,2357,0.4,0.0
19063,Emmet,IA,3147,0.4,0.0
42125,Washington,PA,2680,0.4,0.0
13147,Hart,GA,2382,0.4,0.0
36061,New York,NY,6159,0.4,0.4
29223,Wayne,MO,3001,0.4,0.0
27131,Rice,MN,6584,0.4,0.4
24013,Carroll,MD,3228,0.4,0.0
29117,Livingston,MO,3685,0.4,0.0
28129,Smith,MS,1762,0.4,0.0
37119,Mecklenburg,NC,2749,0.4,0.0
39117,Morrow,OH,3629,0.4,0.0
17111,McHenry,IL,5042,0.4,0.3
48337,Montague,TX,3616,0.4,0.0
29025,Caldwell,MO,4271,0.4,0.3
04027,Yuma,AZ,3906,0.4,0.0
45087,Union,SC,1481,0.4,0.0
28087,Lowndes,MS,1821,0.4,0.0
40087,McClain,OK,4614,0.4,0.1
34003,Bergen,NJ,6119,0.4,0.4
22017,Caddo,LA,2245,0.3,0.0
13021,Bibb,GA,1859,0.3,0.0
13183,Long,GA,2964,0.3,0.0
36051,Livingston,NY,6095,0.3,0.3
37145,Person,NC,4085,0.3,0.3
30017,Custer,MT,5747,0.3,0.3
40037,Creek,OK,4262,0.3,0.1
19121,Madison,IA,3580,0.3,0.1
48187,Guadalupe,TX,4440,0.3,0.1
30009,Carbon,MT,6047,0.3,0.3
39109,Miami,OH,4802,0.3,0.0
21111,Jefferson,KY,4074,0.3,0.0
48183,Gregg,TX,2848,0.3,0.0
31021,Burt,NE,6213,0.3,0.3
29225,Webster,MO,4017,0.3,0.0
01043,Cullman,AL,3508,0.3,0.0
39095,Lucas,OH,4974,0.3,0.3
55007,Bayfield,WI,4267,0.3,0.2
47043,Dickson,TN,2296,0.3,0.0
41029,Jackson,OR,1876,0.3,0.0
17123,Marshall,IL,4243,0.3,0.0
12009,Brevard,FL,5307,0.3,0.2
30055,McCone,MT,7165,0.3,0.3
30077,Powell,MT,4271,0.3,0.0
19175,Union,IA,2926,0.3,0.0
36097,Schuyler,NY,4814,0.3,0.3
22009,Avoyelles,LA,2711,0.3,0.0
55127,Walworth,WI,6720,0.3,0.3
30031,Gallatin,MT,4365,0.3,0.2
37051,Cumberland,NC,3258,0.3,0.0
19023,Butler,IA,2597,0.3,0.0
16019,Bonneville,ID,4208,0.3,0.0
28137,Tate,MS,2584,0.3,0.0
28113,Pike,MS,1841,0.3,0.0
13195,Madison,GA,2091,0.3,0.0
13123,Gilmer,GA,3036,0.3,0.0
36085,Richmond,NY,4569,0.3,0.2
01083,Limestone,AL,3690,0.3,0.0
26139,Ottawa,MI,6935,0.3,0.3
29113,Lincoln,MO,2362,0.3,0.0
18073,Jasper,IN,5531,0.3,0.3
55005,Barron,WI,4586,0.3,0.2
40019,Carter,OK,3372,0.3,0.0
19157,Poweshiek,IA,2813,0.3,0.0
55133,Waukesha,WI,7444,0.3,0.3
40095,Marshall,OK,3550,0.3,0.0
13253,Seminole,GA,3332,0.3,0.0
27047,Freeborn,MN,7598,0.3,0.3
29065,Dent,MO,4042,0.3,0.0
30083,Richland,MT,4594,0.3,0.2
45035,Dorchester,SC,3505,0.3,0.0
01009,Blount,AL,6544,0.3,0.1
44005,Newport,RI,9067,0.3,0.3
39113,Montgomery,OH,5627,0.3,0.3
53039,Klickitat,WA,2714,0.3,0.0
29077,Greene,MO,4876,0.3,0.2
48221,Hood,TX,4306,0.3,0.0
01073,Jefferson,AL,2612,0.3,0.0
12061,Indian River,FL,4740,0.3,0.3
35049,Santa Fe,NM,5096,0.3,0.3
24025,Harford,MD,5295,0.3,0.1
16087,Washington,ID,2453,0.3,0.0
18169,Wabash,IN,5626,0.3,0.2
48281,Lampasas,TX,2765,0.3,0.0
01091,Marengo,AL,2696,0.3,0.0
33013,Merrimack,NH,3742,0.3,0.0
27017,Carlton,MN,4897,0.3,0.1
18063,Hendricks,IN,5197,0.3,0.3
22037,East Feliciana,LA,2899,0.3,0.0
37161,Rutherford,NC,1866,0.3,0.0
41003,Benton,OR,1857,0.3,0.0
45063,Lexington,SC,3900,0.3,0.1
40089,McCurtain,OK,2358,0.3,0.0
20125,Montgomery,KS,6800,0.3,0.3
45013,Beaufort,SC,6449,0.3,0.2
18167,Vigo,IN,4350,0.3,0.0
35035,Otero,NM,3729,0.3,0.0
29015,Benton,MO,3176,0.3,0.0
46103,Pennington,SD,5187,0.3,0.3
30013,Cascade,MT,7035,0.3,0.3
39033,Crawford,OH,5648,0.3,0.3
20005,Atchison,KS,5961,0.3,0.3
35047,San Miguel,NM,8030,0.3,0.3
46083,Lincoln,SD,4979,0.3,0.3
37057,Davidson,NC,2782,0.3,0.0
19161,Sac,IA,2995,0.3,0.0
27025,Chisago,MN,6198,0.3,0.3
34005,Burlington,NJ,4802,0.3,0.1
36121,Wyoming,NY,4798,0.3,0.3
40097,Mayes,OK,4661,0.3,0.2
56011,Crook,WY,4839,0.3,0.3
51003,Albemarle,VA,1431,0.3,0.0
48303,Lubbock,TX,4853,0.3,0.2
27129,Renville,MN,7529,0.3,0.3
26161,Washtenaw,MI,6978,0.3,0.3
46033,Custer,SD,5600,0.3,0.2
37091,Hertford,NC,4716,0.3,0.3
08031,Denver,CO,3088,0.3,0.0
27067,Kandiyohi,MN,5628,0.3,0.3
54025,Greenbrier,WV,4388,0.3,0.1
45071,Newberry,SC,2534,0.3,0.0
20205,Wilson,KS,5287,0.3,0.3
37127,Nash,NC,3513,0.3,0.0
23009,Hancock,ME,5405,0.3,0.3
17081,Jefferson,IL,2477,0.3,0.0
20191,Sumner,KS,4749,0.3,0.3
13265,Taliaferro,GA,3105,0.3,0.0
13023,Bleckley,GA,3745,0.3,0.0
48137,Edwards,TX,8947,0.3,0.3
48163,Frio,TX,4106,0.3,0.0
29159,Pettis,MO,4155,0.3,0.0
21211,Shelby,KY,4250,0.3,0.0
40137,Stephens,OK,4660,0.3,0.1
24015,Cecil,MD,4200,0.3,0.2
39151,Stark,OH,6418,0.3,0.3
01013,Butler,AL,2964,0.3,0.0
24021,Frederick,MD,4412,0.3,0.1
48239,Jackson,TX,4401,0.3,0.2
26041,Delta,MI,6204,0.3,0.3
29153,Ozark,MO,2554,0.3,0.0
27157,Wabasha,MN,6842,0.3,0.2
05091,Miller,AR,1677,0.3,0.0
46093,Meade,SD,7287,0.3,0.3
42063,Indiana,PA,3230,0.3,0.0
30001,Beaverhead,MT,7127,0.3,0.3
29125,Maries,MO,3178,0.3,0.0
26065,Ingham,MI,6493,0.3,0.3
29063,DeKalb,MO,4402,0.3,0.1
13267,Tattnall,GA,3072,0.3,0.0
41013,Crook,OR,5167,0.3,0.0
19037,Chickasaw,IA,2608,0.3,0.0
19079,Hamilton,IA,3702,0.3,0.0
29061,Daviess,MO,3584,0.3,0.0
28023,Clarke,MS,2184,0.3,0.0
42115,Susquehanna,PA,172,0.3,0.0
39169,Wayne,OH,4300,0.3,0.0
05011,Bradley,AR,2091,0.3,0.0
54023,Grant,WV,1579,0.3,0.0
56021,Laramie,WY,5792,0.3,0.3
48099,Coryell,TX,3675,0.3,0.0
18099,Marshall,IN,5006,0.3,0.1
18019,Clark,IN,1625,0.3,0.0
08119,Teller,CO,5405,0.3,0.1
19131,Mitchell,IA,5170,0.3,0.3
40013,Bryan,OK,3750,0.3,0.0
34033,Salem,NJ,6044,0.3,0.3
41039,Lane,OR,2551,0.3,0.0
01019,Cherokee,AL,2606,0.3,0.0
20121,Miami,KS,7108,0.3,0.3
47103,Lincoln,TN,3456,0.3,0.0
19001,Adair,IA,3343,0.3,0.0
13193,Macon,GA,2447,0.3,0.0
06061,Placer,CA,12279,0.3,0.3
47183,Weakley,TN,3533,0.3,0.0
21027,Breckinridge,KY,2837,0.3,0.0
12085,Martin,FL,5418,0.3,0.1
18179,Wells,IN,5618,0.3,0.3
25013,Hampden,MA,7006,0.3,0.3
18161,Union,IN,5191,0.3,0.3
48147,Fannin,TX,6044,0.3,0.3
35045,San Juan,NM,3003,0.3,0.0
28073,Lamar,MS,1845,0.3,0.0
37101,Johnston,NC,3777,0.3,0.0
19009,Audubon,IA,3367,0.3,0.0
39101,Marion,OH,6779,0.3,0.0
17175,Stark,IL,3761,0.3,0.0
29103,Knox,MO,4346,0.3,0.2
22119,Webster,LA,2576,0.3,0.0
28039,George,MS,1862,0.3,0.0
29189,St. Louis,MO,3092,0.3,0.0
17151,Pope,IL,3059,0.3,0.0
30003,Big Horn,MT,2065,0.3,0.0
19089,Howard,IA,2958,0.3,0.0
24005,Baltimore,MD,4312,0.3,0.0
55037,Florence,WI,4399,0.3,0.2
04025,Yavapai,AZ,3688,0.3,0.0
16055,Kootenai,ID,4160,0.3,0.2
39015,Brown,OH,5444,0.3,0.3
42021,Cambria,PA,1011,0.3,0.0
29039,Cedar,MO,3698,0.3,0.0
50003,Bennington,VT,4917,0.3,0.3
30019,Daniels,MT,5154,0.3,0.3
26097,Mackinac,MI,8712,0.3,0.3
42113,Sullivan,PA,3449,0.2,0.0
48213,Henderson,TX,4131,0.2,0.1
24029,Kent,MD,3172,0.2,0.0
39155,Trumbull,OH,3498,0.2,0.0
05129,Searcy,AR,3917,0.2,0.0
18043,Floyd,IN,5389,0.2,0.2
20159,Rice,KS,8169,0.2,0.2
01069,Houston,AL,3344,0.2,0.0
23019,Penobscot,ME,5608,0.2,0.2
37117,Martin,NC,4581,0.2,0.2
51111,Lunenburg,VA,3110,0.2,0.0
19165,Shelby,IA,3214,0.2,0.0
30069,Petroleum,MT,5742,0.2,0.2
51061,Fauquier,VA,2525,0.2,0.0
20019,Chautauqua,KS,6308,0.2,0.2
18143,Scott,IN,4607,0.2,0.2
45061,Lee,SC,3723,0.2,0.0
17097,Lake,IL,4515,0.2,0.2
20139,Osage,KS,6428,0.2,0.2
51035,Carroll,VA,4913,0.2,0.2
47155,Sevier,TN,1208,0.2,0.0
18125,Pike,IN,4232,0.2,0.0
28021,Claiborne,MS,1952,0.2,0.0
36099,Seneca,NY,5062,0.2,0.2
05121,Randolph,AR,2649,0.2,0.0
55097,Portage,WI,5112,0.2,0.1
19135,Monroe,IA,2698,0.2,0.0
26133,Osceola,MI,7031,0.2,0.2
40143,Tulsa,OK,4744,0.2,0.1
17163,St. Clair,IL,2900,0.2,0.0
46085,Lyman,SD,6259,0.2,0.0
51019,Bedford,VA,1244,0.2,0.0
26123,Newaygo,MI,6821,0.2,0.2
26047,Emmet,MI,7958,0.2,0.2
19091,Humboldt,IA,3297,0.2,0.0
27015,Brown,MN,6620,0.2,0.2
19105,Jones,IA,2678,0.2,0.0
36095,Schoharie,NY,4602,0.2,0.2
13251,Screven,GA,3351,0.2,0.0
28005,Amite,MS,1606,0.2,0.0
29049,Clinton,MO,6384,0.2,0.1
13187,Lumpkin,GA,1108,0.2,0.0
48053,Burnet,TX,6605,0.2,0.2
31121,Merrick,NE,5502,0.2,0.2
13273,Terrell,GA,2499,0.2,0.0
18119,Owen,IN,4175,0.2,0.0
13127,Glynn,GA,2725,0.2,0.0
48123,DeWitt,TX,4068,0.2,0.1
41053,Polk,OR,3611,0.2,0.0
55033,Dunn,WI,4143,0.2,0.0
53045,Mason,WA,1790,0.2,0.0
28095,Monroe,MS,1732,0.2,0.0
19197,Wright,IA,2936,0.2,0.0
39061,Hamilton,OH,3039,0.2,0.0
19005,Allamakee,IA,3039,0.2,0.0
39007,Ashtabula,OH,5506,0.2,0.2
13087,Decatur,GA,2958,0.2,0.0
29021,Buchanan,MO,7408,0.2,0.2
20037,Crawford,KS,5234,0.2,0.2
55083,Oconto,WI,5648,0.2,0.0
40035,Craig,OK,3816,0.2,0.0
41049,Morrow,OR,3658,0.2,0.0
36057,Montgomery,NY,2631,0.2,0.0
24033,Prince George's,MD,3401,0.2,0.0
38025,Dunn,ND,6493,0.2,0.2
27113,Pennington,MN,6969,0.2,0.2
27145,Stearns,MN,6636,0.2,0.2
13097,Douglas,GA,3285,0.2,0.0
05083,Logan,AR,1284,0.2,0.0
26107,Mecosta,MI,6135,0.2,0.2
05063,Independence,AR,2893,0.2,0.0
55003,Ashland,WI,4420,0.2,0.0
19133,Monona,IA,6475,0.2,0.0
48141,El Paso,TX,4748,0.2,0.0
26145,Saginaw,MI,6309,0.2,0.2
05101,Newton,AR,4572,0.2,0.2
26137,Otsego,MI,3516,0.2,0.0
21219,Todd,KY,3746,0.2,0.0
13143,Haralson,GA,3107,0.2,0.0
28115,Pontotoc,MS,2499,0.2,0.0
37137,Pamlico,NC,4954,0.2,0.2
12067,Lafayette,FL,1637,0.2,0.0
41043,Linn,OR,3079,0.2,0.0
19141,O'Brien,IA,5208,0.2,0.2
26147,St. Clair,MI,7352,0.2,0.2
39139,Richland,OH,4627,0.2,0.0
53057,Skagit,WA,2089,0.2,0.0
45085,Sumter,SC,4191,0.2,0.0
29105,Laclede,MO,2672,0.2,0.0
20077,Harper,KS,4818,0.2,0.2
34007,Camden,NJ,4896,0.2,0.2
01103,Morgan,AL,2800,0.2,0.0
01067,Henry,AL,2545,0.2,0.0
05139,Union,AR,1608,0.2,0.0
01109,Pike,AL,2712,0.2,0.0
13255,Spalding,GA,2405,0.2,0.0
35017,Grant,NM,5201,0.2,0.0
17161,Rock Island,IL,510,0.2,0.0
42049,Erie,PA,4327,0.2,0.0
46095,Mellette,SD,4363,0.2,0.2
48143,Erath,TX,5636,0.2,0.2
17159,Richland,IL,3606,0.2,0.0
25023,Plymouth,MA,12011,0.2,0.2
28037,Franklin,MS,2017,0.2,0.0
39055,Geauga,OH,4583,0.2,0.0
33003,Carroll,NH,6477,0.2,0.2
55089,Ozaukee,WI,5083,0.2,0.2
29207,Stoddard,MO,3402,0.2,0.0
39159,Union,OH,4969,0.2,0.2
48425,Somervell,TX,4818,0.2,0.2
27085,McLeod,MN,7420,0.2,0.2
29057,Dade,MO,4177,0.2,0.0
45025,Chesterfield,SC,3375,0.2,0.0
13249,Schley,GA,2610,0.2,0.0
13213,Murray,GA,3829,0.2,0.0
13025,Brantley,GA,3027,0.2,0.0
26077,Kalamazoo,MI,6394,0.2,0.2
29221,Washington,MO,3560,0.2,0.0
26031,Cheboygan,MI,6168,0.2,0.2
47005,Benton,TN,2870,0.2,0.0
39141,Ross,OH,3686,0.2,0.0
42037,Columbia,PA,4056,0.2,0.0
46051,Grant,SD,5044,0.2,0.2
55053,Jackson,WI,2955,0.2,0.0
40025,Cimarron,OK,4267,0.2,0.0
46021,Campbell,SD,4200,0.2,0.0
53011,Clark,WA,1640,0.2,0.0
10003,New Castle,DE,4212,0.2,0.0
50019,Orleans,VT,8733,0.2,0.2
31143,Polk,NE,6450,0.2,0.2
46077,Kingsbury,SD,6684,0.2,0.2
46023,Charles Mix,SD,7352,0.2,0.2
47003,Bedford,TN,3061,0.2,0.0
13161,Jeff Davis,GA,3216,0.2,0.0
17083,Jersey,IL,3412,0.2,0.0
19117,Lucas,IA,2743,0.2,0.0
26115,Monroe,MI,7126,0.2,0.2
46125,Turner,SD,6320,0.2,0.2
12127,Volusia,FL,4811,0.2,0.0
31157,Scotts Bluff,NE,4789,0.2,0.2
12017,Citrus,FL,2984,0.2,0.0
20147,Phillips,KS,4701,0.2,0.2
19059,Dickinson,IA,3187,0.2,0.0
19013,Black Hawk,IA,4601,0.2,0.2
05079,Lincoln,AR,2423,0.2,0.0
22123,West Carroll,LA,3038,0.2,0.0
29079,Grundy,MO,3542,0.2,0.0
48013,Atascosa,TX,3608,0.2,0.0
29047,Clay,MO,3683,0.2,0.0
41047,Marion,OR,3098,0.2,0.0
19195,Worth,IA,6129,0.2,0.2
31173,Thurston,NE,6634,0.2,0.2
18057,Hamilton,IN,4479,0.2,0.2
17181,Union,IL,3330,0.2,0.0
19185,Wayne,IA,5036,0.2,0.2
51013,Arlington,VA,3653,0.2,0.0
55137,Waushara,WI,5612,0.2,0.1
01093,Marion,AL,3047,0.2,0.0
23005,Cumberland,ME,5967,0.2,0.1
06033,Lake,CA,13377,0.2,0.2
38035,Grand Forks,ND,6509,0.2,0.0
29143,New Madrid,MO,3434,0.2,0.0
47105,Loudon,TN,1357,0.2,0.0
29087,Holt,MO,3945,0.2,0.0
20163,Rooks,KS,4483,0.2,0.2
29111,Lewis,MO,4767,0.2,0.2
26029,Charlevoix,MI,6494,0.2,0.2
45059,Laurens,SC,3141,0.2,0.0
39085,Lake,OH,5908,0.2,0.2
22001,Acadia,LA,3031,0.2,0.0
20001,Allen,KS,6619,0.2,0.2
08085,Montrose,CO,2042,0.2,0.0
48075,Childress,TX,4286,0.2,0.0
17007,Boone,IL,4351,0.2,0.2
40063,Hughes,OK,4691,0.2,0.2
06097,Sonoma,CA,7556,0.2,0.2
29089,Howard,MO,3853,0.2,0.0
36117,Wayne,NY,3783,0.2,0.0
31061,Franklin,NE,5786,0.2,0.2
27063,Jackson,MN,8244,0.2,0.2
20073,Greenwood,KS,4057,0.2,0.0
26001,Alcona,MI,5493,0.2,0.2
37037,Chatham,NC,2859,0.2,0.0
28071,Lafayette,MS,2252,0.2,0.0
48347,Nacogdoches,TX,3319,0.2,0.0
40125,Pottawatomie,OK,4553,0.2,0.1
49039,Sanpete,UT,3052,0.2,0.0
56039,Teton,WY,2804,0.2,0.0
36115,Washington,NY,3973,0.2,0.0
53053,Pierce,WA,1357,0.2,0.0
18015,Carroll,IN,4072,0.2,0.0
33001,Belknap,NH,6191,0.2,0.2
24019,Dorchester,MD,4634,0.2,0.2
12065,Jefferson,FL,2387,0.2,0.0
48265,Kerr,TX,6080,0.2,0.2
19171,Tama,IA,2787,0.2,0.0
26071,Iron,MI,5225,0.2,0.2
20013,Brown,KS,6935,0.2,0.2
06077,San Joaquin,CA,13513,0.2,0.2
26079,Kalkaska,MI,6881,0.2,0.2
39163,Vinton,OH,3232,0.2,0.0
29013,Bates,MO,3010,0.2,0.0
40127,Pushmataha,OK,2470,0.2,0.0
39175,Wyandot,OH,5972,0.2,0.2
06001,Alameda,CA,9614,0.2,0.1
40091,McIntosh,OK,3801,0.2,0.0
08045,Garfield,CO,3173,0.2,0.0
01017,Chambers,AL,2082,0.2,0.0
56029,Park,WY,5273,0.2,0.0
27065,Kanabec,MN,4862,0.2,0.2
40075,Kiowa,OK,3282,0.2,0.0
28117,Prentiss,MS,1969,0.2,0.0
19099,Jasper,IA,3791,0.2,0.0
40123,Pontotoc,OK,2609,0.2,0.0
20123,Mitchell,KS,5083,0.2,0.2
20089,Jewell,KS,6366,0.2,0.2
42073,Lawrence,PA,4202,0.2,0.0
26159,Van Buren,MI,7012,0.2,0.2
48315,Marion,TX,1546,0.2,0.0
40011,Blaine,OK,5042,0.2,0.2
28033,DeSoto,MS,1998,0.2,0.0
47163,Sullivan,TN,1044,0.2,0.0
38089,Stark,ND,6401,0.2,0.2
41045,Malheur,OR,3070,0.2,0.0
37081,Guilford,NC,3344,0.2,0.0
28111,Perry,MS,1597,0.2,0.0
22033,East Baton Rouge,LA,1531,0.2,0.0
39089,Licking,OH,4682,0.2,0.2
26157,Tuscola,MI,7147,0.2,0.2
01023,Choctaw,AL,3058,0.2,0.0
17089,Kane,IL,4136,0.2,0.0
27147,Steele,MN,7766,0.2,0.2
08039,Elbert,CO,5522,0.2,0.1
28003,Alcorn,MS,2198,0.2,0.0
42077,Lehigh,PA,4734,0.2,0.0
55107,Rusk,WI,3020,0.2,0.0
55129,Washburn,WI,4380,0.2,0.0
40079,Le Flore,OK,3385,0.2,0.0
55013,Burnett,WI,3318,0.2,0.0
21003,Allen,KY,5984,0.2,0.2
51063,Floyd,VA,5758,0.2,0.1
39027,Clinton,OH,4228,0.2,0.0
37165,Scotland,NC,2447,0.2,0.0
47059,Greene,TN,1408,0.2,0.0
16011,Bingham,ID,3927,0.2,0.0
17033,Crawford,IL,3920,0.2,0.0
08027,Custer,CO,3262,0.2,0.0
23031,York,ME,6758,0.2,0.2
18133,Putnam,IN,5728,0.2,0.2
28123,Scott,MS,1642,0.2,0.0
48231,Hunt,TX,5176,0.2,0.1
13001,Appling,GA,3469,0.2,0.0
17055,Franklin,IL,3292,0.2,0.0
40135,Sequoyah,OK,3581,0.2,0.0
28017,Chickasaw,MS,3678,0.2,0.0
06007,Butte,CA,12873,0.2,0.2
37097,Iredell,NC,2285,0.2,0.0
53077,Yakima,WA,3592,0.2,0.0
26127,Oceana,MI,5511,0.2,0.2
41061,Union,OR,1592,0.2,0.0
16031,Cassia,ID,3920,0.2,0.0
16037,Custer,ID,4644,0.2,0.1
39079,Jackson,OH,3169,0.2,0.0
40131,Rogers,OK,4286,0.2,0.0
48067,Cass,TX,3128,0.2,0.0
39021,Champaign,OH,4736,0.2,0.2
21197,Powell,KY,2671,0.2,0.0
48381,Randall,TX,5568,0.2,0.2
47161,Stewart,TN,3641,0.2,0.0
18155,Switzerland,IN,4061,0.2,0.0
47065,Hamilton,TN,2883,0.2,0.0
01095,Marshall,AL,3594,0.2,0.0
39103,Medina,OH,5388,0.2,0.2
34001,Atlantic,NJ,10104,0.2,0.2
05137,Stone,AR,3003,0.2,0.0
48203,Harrison,TX,3713,0.2,0.0
13059,Clarke,GA,2238,0.2,0.0
41001,Baker,OR,930,0.2,0.0
16049,Idaho,ID,2837,0.2,0.0
27051,Grant,MN,7583,0.2,0.2
37147,Pitt,NC,4560,0.2,0.1
16047,Gooding,ID,4259,0.2,0.0
48467,Van Zandt,TX,4020,0.2,0.0
27171,Wright,MN,4583,0.2,0.1
53041,Lewis,WA,1490,0.2,0.0
16001,Ada,ID,3975,0.2,0.0
27055,Houston,MN,4711,0.2,0.2
08101,Pueblo,CO,3702,0.2,0.0
46109,Roberts,SD,5478,0.2,0.2
28007,Attala,MS,2061,0.2,0.0
41067,Washington,OR,3025,0.2,0.0
05005,Baxter,AR,2936,0.2,0.0
06013,Contra Costa,CA,19642,0.2,0.2
05143,Washington,AR,3828,0.2,0.0
08107,Routt,CO,2047,0.2,0.0
37133,Onslow,NC,4793,0.2,0.0
29129,Mercer,MO,4476,0.2,0.0
12089,Nassau,FL,4918,0.2,0.0
27139,Scott,MN,6651,0.2,0.2
33009,Grafton,NH,7481,0.2,0.1
50025,Windham,VT,8872,0.2,0.1
21231,Wayne,KY,2092,0.2,0.0
48085,Collin,TX,6373,0.2,0.2
16081,Teton,ID,3000,0.2,0.0
21089,Greenup,KY,1943,0.2,0.0
51069,Frederick,VA,3313,0.2,0.0
06053,Monterey,CA,9430,0.2,0.2
55045,Green,WI,4802,0.2,0.0
39125,Paulding,OH,5322,0.2,0.2
48241,Jasper,TX,2430,0.2,0.0
39115,Morgan,OH,3823,0.2,0.0
26075,Jackson,MI,6435,0.2,0.2
37129,New Hanover,NC,4817,0.2,0.1
47093,Knox,TN,1883,0.2,0.0
13279,Toombs,GA,3855,0.2,0.0
23029,Washington,ME,8298,0.2,0.1
24027,Howard,MD,4588,0.2,0.1
55077,Marquette,WI,4046,0.2,0.0
17197,Will,IL,1844,0.2,0.0
22011,Beauregard,LA,2118,0.2,0.0
17177,Stephenson,IL,4816,0.2,0.0
49035,Salt Lake,UT,2563,0.2,0.0
39019,Carroll,OH,4419,0.2,0.2
29043,Christian,MO,3005,0.2,0.0
27075,Lake,MN,5929,0.2,0.1
54107,Wood,WV,2792,0.2,0.0
51047,Culpeper,VA,2872,0.2,0.0
13219,Oconee,GA,1780,0.2,0.0
53047,Okanogan,WA,1661,0.2,0.0
31123,Morrill,NE,3079,0.2,0.0
28027,Coahoma,MS,2670,0.2,0.0
56033,Sheridan,WY,2236,0.2,0.0
05109,Pike,AR,1647,0.1,0.0
22005,Ascension,LA,1783,0.1,0.0
37077,Granville,NC,3636,0.1,0.0
51760,Richmond,VA,2085,0.1,0.0
09015,Windham,CT,7559,0.1,0.1
35015,Eddy,NM,3629,0.1,0.0
37033,Caswell,NC,3265,0.1,0.0
48267,Kimble,TX,6039,0.1,0.1
26055,Grand Traverse,MI,7887,0.1,0.1
18089,Lake,IN,5744,0.1,0.1
28097,Montgomery,MS,2105,0.1,0.0
55049,Iowa,WI,4682,0.1,0.1
13313,Whitfield,GA,1557,0.1,0.0
55109,St. Croix,WI,5239,0.1,0.1
13293,Upson,GA,2528,0.1,0.0
29011,Barton,MO,3800,0.1,0.0
29095,Jackson,MO,6356,0.1,0.1
47053,Gibson,TN,3700,0.1,0.0
27053,Hennepin,MN,5918,0.1,0.1
29059,Dallas,MO,3895,0.1,0.0
13039,Camden,GA,3322,0.1,0.0
55131,Washington,WI,6925,0.1,0.1
48217,Hill,TX,4611,0.1,0.1
05097,Montgomery,AR,1704,0.1,0.0
29215,Texas,MO,3875,0.1,0.0
13005,Bacon,GA,3505,0.1,0.0
47181,Wayne,TN,4689,0.1,0.1
36025,Delaware,NY,4825,0.1,0.1
05051,Garland,AR,2208,0.1,0.0
18079,Jennings,IN,4272,0.1,0.0
13245,Richmond,GA,2646,0.1,0.0
27135,Roseau,MN,6616,0.1,0.1
37193,Wilkes,NC,2740,0.1,0.0
24035,Queen Anne's,MD,4930,0.1,0.1
23003,Aroostook,ME,5600,0.1,0.1
23013,Knox,ME,7262,0.1,0.1
36015,Chemung,NY,2620,0.1,0.0
51135,Nottoway,VA,3788,0.1,0.0
19167,Sioux,IA,5391,0.1,0.1
31135,Perkins,NE,5762,0.1,0.1
26049,Genesee,MI,6436,0.1,0.1
30063,Missoula,MT,2873,0.1,0.0
48025,Bee,TX,4609,0.1,0.1
55001,Adams,WI,5114,0.1,0.1
20091,Johnson,KS,6385,0.1,0.1
51015,Augusta,VA,2253,0.1,0.0
53071,Walla Walla,WA,2761,0.1,0.0
41059,Umatilla,OR,2904,0.1,0.0
09003,Hartford,CT,6206,0.1,0.1
22045,Iberia,LA,2713,0.1,0.0
08093,Park,CO,6175,0.1,0.1
40051,Grady,OK,4793,0.1,0.0
28059,Jackson,MS,3608,0.1,0.0
53065,Stevens,WA,2106,0.1,0.0
32019,Lyon,NV,3582,0.1,0.0
27003,Anoka,MN,5246,0.1,0.1
29171,Putnam,MO,4424,0.1,0.0
13285,Troup,GA,2068,0.1,0.0
31033,Cheyenne,NE,5396,0.1,0.1
49031,Piute,UT,4106,0.1,0.0
42051,Fayette,PA,2674,0.1,0.0
06093,Siskiyou,CA,14941,0.1,0.1
31065,Furnas,NE,4088,0.1,0.0
37063,Durham,NC,1920,0.1,0.0
20011,Bourbon,KS,4784,0.1,0.1
38055,McLean,ND,4611,0.1,0.0
40111,Okmulgee,OK,4188,0.1,0.0
18135,Randolph,IN,6159,0.1,0.1
22063,Livingston,LA,2475,0.1,0.0
38003,Barnes,ND,6464,0.1,0.1
48215,Hidalgo,TX,6097,0.1,0.1
12001,Alachua,FL,2599,0.1,0.0
55079,Milwaukee,WI,4696,0.1,0.1
12095,Orange,FL,1846,0.1,0.0
45003,Aiken,SC,4962,0.1,0.1
01107,Pickens,AL,3071,0.1,0.0
28163,Yazoo,MS,2382,0.1,0.0
26121,Muskegon,MI,5022,0.1,0.1
39009,Athens,OH,2153,0.1,0.0
18145,Shelby,IN,5043,0.1,0.1
55027,Dodge,WI,5956,0.1,0.1
55009,Brown,WI,4942,0.1,0.1
26119,Montmorency,MI,7381,0.1,0.1
51041,Chesterfield,VA,4045,0.1,0.0
19081,Hancock,IA,3943,0.1,0.0
45077,Pickens,SC,1561,0.1,0.0
39049,Franklin,OH,5068,0.1,0.1
49017,Garfield,UT,3509,0.1,0.0
32001,Churchill,NV,2569,0.1,0.0
48481,Wharton,TX,4177,0.1,0.1
44007,Providence,RI,6921,0.1,0.1
06099,Stanislaus,CA,14354,0.1,0.1
13077,Coweta,GA,2302,0.1,0.0
06081,San Mateo,CA,14090,0.1,0.1
29007,Audrain,MO,4058,0.1,0.0
20177,Shawnee,KS,6572,0.1,0.1
19187,Webster,IA,2251,0.1,0.0
17183,Vermilion,IL,4869,0.1,0.1
48387,Red River,TX,2881,0.1,0.0
04005,Coconino,AZ,5071,0.1,0.0
06035,Lassen,CA,15125,0.1,0.1
08077,Mesa,CO,3605,0.1,0.0
13261,Sumter,GA,3628,0.1,0.0
48351,Newton,TX,2373,0.1,0.0
48061,Cameron,TX,6831,0.1,0.1
13169,Jones,GA,3007,0.1,0.0
37083,Halifax,NC,3540,0.1,0.0
51143,Pittsylvania,VA,3803,0.1,0.0
28041,Greene,MS,2443,0.1,0.0
48091,Comal,TX,4749,0.1,0.1
27035,Crow Wing,MN,5653,0.1,0.1
28127,Simpson,MS,2306,0.1,0.0
22097,St. Landry,LA,2157,0.1,0.0
06031,Kings,CA,11912,0.1,0.1
42001,Adams,PA,3224,0.1,0.0
13139,Hall,GA,2171,0.1,0.0
37171,Surry,NC,2328,0.1,0.0
05081,Little River,AR,2351,0.1,0.0
47089,Jefferson,TN,1049,0.1,0.0
06079,San Luis Obispo,CA,12964,0.1,0.1
37135,Orange,NC,2657,0.1,0.0
50007,Chittenden,VT,8145,0.1,0.1
48375,Potter,TX,9469,0.1,0.1
25003,Berkshire,MA,8895,0.1,0.1
46111,Sanborn,SD,5032,0.1,0.1
13211,Morgan,GA,1986,0.1,0.0
22067,Morehouse,LA,2307,0.1,0.0
28157,Wilkinson,MS,2281,0.1,0.0
13197,Marion,GA,2596,0.1,0.0
20055,Finney,KS,6087,0.1,0.0
06103,Tehama,CA,14968,0.1,0.1
40119,Payne,OK,4086,0.1,0.0
42009,Bedford,PA,2703,0.1,0.0
16077,Power,ID,4984,0.1,0.1
25025,Suffolk,MA,10196,0.1,0.1
23015,Lincoln,ME,6030,0.1,0.1
39065,Hardin,OH,5738,0.1,0.1
45011,Barnwell,SC,3601,0.1,0.0
47149,Rutherford,TN,3214,0.1,0.0
22085,Sabine,LA,2110,0.1,0.0
05131,Sebastian,AR,3018,0.1,0.0
27029,Clearwater,MN,7844,0.1,0.1
01113,Russell,AL,3016,0.1,0.0
25015,Hampshire,MA,6798,0.1,0.1
13019,Berrien,GA,3588,0.1,0.0
42087,Mifflin,PA,1067,0.1,0.0
01001,Autauga,AL,3023,0.1,0.0
26149,St. Joseph,MI,6888,0.1,0.1
29005,Atchison,MO,3220,0.1,0.0
24023,Garrett,MD,7027,0.1,0.1
26053,Gogebic,MI,7277,0.1,0.1
42099,Perry,PA,2842,0.1,0.0
32003,Clark,NV,4103,0.1,0.1
25005,Bristol,MA,9572,0.1,0.1
13317,Wilkes,GA,2946,0.1,0.0
09011,New London,CT,9473,0.1,0.0
13305,Wayne,GA,2821,0.1,0.0
53037,Kittitas,WA,2001,0.1,0.0
37155,Robeson,NC,3037,0.1,0.0
13103,Effingham,GA,2936,0.1,0.0
04023,Santa Cruz,AZ,4088,0.1,0.0
42079,Luzerne,PA,3920,0.1,0.0
27121,Pope,MN,7430,0.1,0.1
22049,Jackson,LA,2426,0.1,0.0
51153,Prince William,VA,2193,0.1,0.0
45091,York,SC,2851,0.1,0.0
48343,Morris,TX,2556,0.1,0.0
12033,Escambia,FL,5705,0.1,0.1
54053,Mason,WV,3504,0.1,0.0
26045,Eaton,MI,7254,0.1,0.1
49053,Washington,UT,2188,0.1,0.0
36003,Allegany,NY,5666,0.1,0.1
39097,Madison,OH,5115,0.1,0.1
13291,Union,GA,2209,0.1,0.0
01065,Hale,AL,2781,0.1,0.0
29009,Barry,MO,5225,0.1,0.1
55125,Vilas,WI,4243,0.1,0.0
01079,Lawrence,AL,3431,0.1,0.0
39003,Allen,OH,6090,0.1,0.1
28089,Madison,MS,2115,0.1,0.0
48167,Galveston,TX,6571,0.1,0.1
19101,Jefferson,IA,2372,0.1,0.0
20057,Ford,KS,6173,0.1,0.1
18035,Delaware,IN,6286,0.1,0.1
55041,Forest,WI,4528,0.1,0.1
28025,Clay,MS,1526,0.1,0.0
48463,Uvalde,TX,3810,0.1,0.0
13289,Twiggs,GA,3007,0.1,0.0
47131,Obion,TN,3154,0.1,0.0
40021,Cherokee,OK,3470,0.1,0.0
48145,Falls,TX,4207,0.1,0.0
51141,Patrick,VA,3964,0.1,0.0
36023,Cortland,NY,3954,0.1,0.0
13015,Bartow,GA,2969,0.1,0.0
51810,Virginia Beach,VA,5916,0.1,0.1
48441,Taylor,TX,7553,0.1,0.1
01117,Shelby,AL,2590,0.1,0.0
26095,Luce,MI,7472,0.1,0.1
01097,Mobile,AL,5590,0.1,0.0
51085,Hanover,VA,3165,0.1,0.0
12041,Gilchrist,FL,2572,0.1,0.0
13057,Cherokee,GA,2406,0.1,0.0
39119,Muskingum,OH,3841,0.1,0.0
22039,Evangeline,LA,2815,0.1,0.0
48391,Refugio,TX,6138,0.1,0.1
39041,Delaware,OH,4886,0.1,0.1
37157,Rockingham,NC,2266,0.1,0.0
32029,Storey,NV,4877,0.1,0.1
12059,Holmes,FL,2408,0.1,0.0
19125,Marion,IA,2144,0.1,0.0
47049,Fentress,TN,2657,0.1,0.0
06039,Madera,CA,14244,0.1,0.1
22105,Tangipahoa,LA,2147,0.1,0.0
37191,Wayne,NC,4633,0.1,0.1
42047,Elk,PA,5391,0.1,0.0
47151,Scott,TN,1954,0.1,0.0
28047,Harrison,MS,3974,0.1,0.0
37067,Forsyth,NC,3727,0.1,0.0
30089,Sanders,MT,3573,0.1,0.0
29187,St. Francois,MO,5055,0.1,0.1
12097,Osceola,FL,2631,0.1,0.0
28081,Lee,MS,1834,0.1,0.0
42013,Blair,PA,1142,0.1,0.0
28093,Marshall,MS,2275,0.1,0.0
20169,Saline,KS,6304,0.1,0.1
01021,Chilton,AL,4127,0.1,0.0
01051,Elmore,AL,1943,0.1,0.0
13319,Wilkinson,GA,2272,0.1,0.0
24047,Worcester,MD,7384,0.1,0.1
19193,Woodbury,IA,6934,0.1,0.1
35055,Taos,NM,2497,0.1,0.0
48279,Lamb,TX,5895,0.1,0.1
19145,Page,IA,2959,0.1,0.0
17095,Knox,IL,6040,0.1,0.1
34037,Sussex,NJ,5107,0.1,0.1
26073,Isabella,MI,6760,0.1,0.1
40027,Cleveland,OK,4757,0.1,0.0
37195,Wilson,NC,4414,0.1,0.1
55139,Winnebago,WI,6254,0.1,0.1
48041,Brazos,TX,3944,0.1,0.0
28069,Kemper,MS,1484,0.1,0.0
17125,Mason,IL,4041,0.1,0.0
08015,Chaffee,CO,3832,0.1,0.0
47051,Franklin,TN,1939,0.1,0.0
01025,Clarke,AL,4324,0.1,0.0
37149,Polk,NC,1861,0.1,0.0
13297,Walton,GA,1663,0.1,0.0
48365,Panola,TX,2336,0.1,0.0
13137,Habersham,GA,2190,0.1,0.0
13263,Talbot,GA,2167,0.1,0.0
29165,Platte,MO,3346,0.1,0.0
05105,Perry,AR,1982,0.1,0.0
53027,Grays Harbor,WA,2521,0.1,0.0
42089,Monroe,PA,3999,0.1,0.1
47107,McMinn,TN,2324,0.1,0.0
16075,Payette,ID,3183,0.1,0.0
21113,Jessamine,KY,4700,0.1,0.1
27163,Washington,MN,6276,0.1,0.1
47029,Cocke,TN,1519,0.1,0.0
29139,Montgomery,MO,3888,0.1,0.0
55105,Rock,WI,5778,0.1,0.1
34035,Somerset,NJ,3446,0.1,0.0
12023,Columbia,FL,2459,0.1,0.0
31045,Dawes,NE,4240,0.1,0.0
01035,Conecuh,AL,3179,0.1,0.0
06017,El Dorado,CA,6737,0.1,0.1
05001,Arkansas,AR,3382,0.1,0.0
34025,Monmouth,NJ,6796,0.1,0.1
35061,Valencia,NM,3054,0.1,0.0
20045,Douglas,KS,7132,0.1,0.1
55081,Monroe,WI,3763,0.1,0.0
30095,Stillwater,MT,4998,0.1,0.1
39135,Preble,OH,5145,0.1,0.1
55029,Door,WI,5916,0.1,0.1
19033,Cerro Gordo,IA,5071,0.1,0.0
42101,Philadelphia,PA,4177,0.1,0.0
20017,Chase,KS,4385,0.1,0.1
51117,Mecklenburg,VA,3414,0.1,0.0
39067,Harrison,OH,4221,0.1,0.0
01081,Lee,AL,3073,0.1,0.0
28107,Panola,MS,4313,0.1,0.0
19189,Winnebago,IA,8930,0.1,0.1
13105,Elbert,GA,1858,0.1,0.0
19057,Des Moines,IA,2546,0.1,0.0
29149,Oregon,MO,2852,0.1,0.0
29099,Jefferson,MO,2828,0.1,0.0
31119,Madison,NE,6281,0.1,0.1
49013,Duchesne,UT,2111,0.1,0.0
49047,Uintah,UT,1118,0.1,0.0
24009,Calvert,MD,6377,0.1,0.1
08083,Montezuma,CO,3332,0.1,0.0
04007,Gila,AZ,3735,0.1,0.0
30029,Flathead,MT,4184,0.1,0.0
28045,Hancock,MS,1828,0.1,0.0
01041,Crenshaw,AL,2247,0.1,0.0
47177,Warren,TN,3861,0.1,0.0
26091,Lenawee,MI,6694,0.1,0.1
37085,Harnett,NC,3703,0.1,0.0
49005,Cache,UT,3216,0.1,0.0
40031,Comanche,OK,3573,0.1,0.0
13155,Irwin,GA,4389,0.1,0.0
47187,Williamson,TN,5348,0.1,0.0
19083,Hardin,IA,2974,0.1,0.0
34021,Mercer,NJ,6873,0.1,0.0
51107,Loudoun,VA,2349,0.1,0.0
37013,Beaufort,NC,4694,0.1,0.1
37181,Vance,NC,4576,0.1,0.1
05045,Faulkner,AR,2996,0.1,0.0
18081,Johnson,IN,4986,0.1,0.1
06089,Shasta,CA,5847,0.1,0.0
48329,Midland,TX,4477,0.1,0.0
13217,Newton,GA,2838,0.1,0.0
23011,Kennebec,ME,5541,0.1,0.0
27041,Douglas,MN,7227,0.1,0.1
27111,Otter Tail,MN,6133,0.1,0.0
29173,Ralls,MO,3606,0.1,0.0
12105,Polk,FL,1773,0.1,0.0
32031,Washoe,NV,3673,0.1,0.0
13091,Dodge,GA,2091,0.1,0.0
41071,Yamhill,OR,2863,0.1,0.0
31111,Lincoln,NE,5578,0.1,0.0
56025,Natrona,WY,6286,0.1,0.1
48159,Franklin,TX,3972,0.1,0.0
27057,Hubbard,MN,4148,0.1,0.0
01099,Monroe,AL,3821,0.1,0.0
42043,Dauphin,PA,4473,0.1,0.0
29055,Crawford,MO,3264,0.1,0.0
29169,Pulaski,MO,2892,0.1,0.0
28075,Lauderdale,MS,1685,0.1,0.0
39165,Warren,OH,3274,0.1,0.0
19039,Clarke,IA,3001,0.1,0.0
39053,Gallia,OH,3243,0.1,0.0
13157,Jackson,GA,1868,0.1,0.0
39063,Hancock,OH,5580,0.1,0.1
28155,Webster,MS,2096,0.1,0.0
39077,Huron,OH,6030,0.1,0.1
37017,Bladen,NC,4097,0.1,0.0
23007,Franklin,ME,4279,0.1,0.0
20113,McPherson,KS,7253,0.1,0.1
12129,Wakulla,FL,2319,0.1,0.0
48135,Ector,TX,4621,0.1,0.1
19149,Plymouth,IA,3120,0.1,0.0
48173,Glasscock,TX,2733,0.1,0.0
48249,Jim Wells,TX,5976,0.1,0.1
33005,Cheshire,NH,8931,0.1,0.1
24510,Baltimore,MD,3920,0.1,0.0
47041,DeKalb,TN,2801,0.1,0.0
23001,Androscoggin,ME,4835,0.1,0.1
29219,Warren,MO,3897,0.1,0.0
50017,Orange,VT,8138,0.1,0.1
26021,Berrien,MI,8377,0.1,0.1
51033,Caroline,VA,3064,0.1,0.0
29167,Polk,MO,4193,0.1,0.0
18083,Knox,IN,5014,0.1,0.1
39071,Highland,OH,5417,0.1,0.1
06043,Mariposa,CA,14050,0.1,0.1
48395,Robertson,TX,3567,0.1,0.0
31043,Dakota,NE,6506,0.1,0.1
51800,Suffolk,VA,2641,0.1,0.0
47031,Coffee,TN,2715,0.1,0.0
48179,Gray,TX,6381,0.1,0.1
51177,Spotsylvania,VA,2296,0.1,0.0
26037,Clinton,MI,7242,0.1,0.1
47173,Union,TN,1514,0.1,0.0
39107,Mercer,OH,5830,0.1,0.1
50023,Washington,VT,4293,0.1,0.0
40069,Johnston,OK,4097,0.1,0.0
48119,Delta,TX,4258,0.1,0.0
37153,Richmond,NC,3054,0.1,0.0
39161,Van Wert,OH,5708,0.1,0.1
20035,Cowley,KS,6974,0.1,0.1
36103,Suffolk,NY,6308,0.1,0.1
23025,Somerset,ME,4216,0.1,0.0
48057,Calhoun,TX,7131,0.1,0.1
47079,Henry,TN,2496,0.1,0.0
48373,Polk,TX,2449,0.1,0.0
32007,Elko,NV,3530,0.1,0.0
08055,Huerfano,CO,7691,0.1,0.1
56023,Lincoln,WY,2802,0.1,0.0
05029,Conway,AR,1658,0.1,0.0
56037,Sweetwater,WY,4276,0.1,0.0
05103,Ouachita,AR,2305,0.1,0.0
18007,Benton,IN,5238,0.1,0.1
51073,Gloucester,VA,4404,0.1,0.0
38077,Richland,ND,5939,0.1,0.1
35041,Roosevelt,NM,5291,0.1,0.1
05033,Crawford,AR,3352,0.1,0.0
47035,Cumberland,TN,3406,0.1,0.0
08117,Summit,CO,2339,0.1,0.0
21079,Garrard,KY,4790,0.1,0.1
05021,Clay,AR,3354,0.1,0.0
01037,Coosa,AL,3404,0.1,0.0
47019,Carter,TN,1215,0.1,0.0
49033,Rich,UT,5010,0.1,0.0
55059,Kenosha,WI,4794,0.1,0.1
27123,Ramsey,MN,5259,0.1,0.1
48223,Hopkins,TX,6335,0.1,0.1
29035,Carter,MO,3501,0.1,0.0
41031,Jefferson,OR,2624,0.1,0.0
06055,Napa,CA,11212,0.1,0.1
34041,Warren,NJ,1667,0.1,0.0
26011,Arenac,MI,5833,0.1,0.1
31055,Douglas,NE,5557,0.1,0.1
53051,Pend Oreille,WA,1709,0.1,0.0
13045,Carroll,GA,2368,0.1,0.0
20193,Thomas,KS,5145,0.1,0.1
01121,Talladega,AL,1775,0.1,0.0
35043,Sandoval,NM,5528,0.1,0.0
29181,Ripley,MO,2056,0.1,0.0
05141,Van Buren,AR,2545,0.1,0.0
29213,Taney,MO,2359,0.1,0.0
13303,Washington,GA,2757,0.1,0.0
26105,Mason,MI,6466,0.0,0.0
13307,Webster,GA,3039,0.0,0.0
31035,Clay,NE,6998,0.0,0.0
51103,Lancaster,VA,3851,0.0,0.0
01031,Coffee,AL,2250,0.0,0.0
19159,Ringgold,IA,3049,0.0,0.0
13145,Harris,GA,2109,0.0,0.0
30093,Silver Bow,MT,6281,0.0,0.0
37053,Currituck,NC,6741,0.0,0.0
37159,Rowan,NC,1683,0.0,0.0
22115,Vernon,LA,1945,0.0,0.0
19191,Winneshiek,IA,5497,0.0,0.0
13233,Polk,GA,3138,0.0,0.0
39075,Holmes,OH,2604,0.0,0.0
47179,Washington,TN,2289,0.0,0.0
42075,Lebanon,PA,3315,0.0,0.0
40001,Adair,OK,4357,0.0,0.0
48049,Brown,TX,5208,0.0,0.0
01129,Washington,AL,3033,0.0,0.0
34013,Essex,NJ,6504,0.0,0.0
01077,Lauderdale,AL,2230,0.0,0.0
22061,Lincoln,LA,1722,0.0,0.0
12073,Leon,FL,1781,0.0,0.0
21055,Crittenden,KY,4330,0.0,0.0
26101,Manistee,MI,8645,0.0,0.0
06023,Humboldt,CA,14228,0.0,0.0
51165,Rockingham,VA,2100,0.0,0.0
05069,Jefferson,AR,2341,0.0,0.0
47061,Grundy,TN,4526,0.0,0.0
55065,Lafayette,WI,4253,0.0,0.0
55111,Sauk,WI,3571,0.0,0.0
05119,Pulaski,AR,2200,0.0,0.0
42095,Northampton,PA,1711,0.0,0.0
19049,Dallas,IA,2565,0.0,0.0
50015,Lamoille,VT,4862,0.0,0.0
39105,Meigs,OH,2086,0.0,0.0
40115,Ottawa,OK,4026,0.0,0.0
50027,Windsor,VT,7216,0.0,0.0
31025,Cass,NE,6202,0.0,0.0
37011,Avery,NC,2362,0.0,0.0
17059,Gallatin,IL,3343,0.0,0.0
47165,Sumner,TN,2044,0.0,0.0
13295,Walker,GA,2395,0.0,0.0
51031,Campbell,VA,3533,0.0,0.0
48227,Howard,TX,5492,0.0,0.0
26023,Branch,MI,6766,0.0,0.0
27013,Blue Earth,MN,7052,0.0,0.0
27093,Meeker,MN,7538,0.0,0.0
47073,Hawkins,TN,1250,0.0,0.0
18069,Huntington,IN,5276,0.0,0.0
46047,Fall River,SD,4712,0.0,0.0
16045,Gem,ID,2339,0.0,0.0
33019,Sullivan,NH,4142,0.0,0.0
38053,McKenzie,ND,4429,0.0,0.0
01133,Winston,AL,3317,0.0,0.0
45027,Clarendon,SC,2847,0.0,0.0
51007,Amelia,VA,3168,0.0,0.0
42103,Pike,PA,5571,0.0,0.0
13079,Crawford,GA,2608,0.0,0.0
37089,Henderson,NC,3329,0.0,0.0
47021,Cheatham,TN,2801,0.0,0.0
32015,Lander,NV,1943,0.0,0.0
29075,Gentry,MO,4090,0.0,0.0
08059,Jefferson,CO,3031,0.0,0.0
12005,Bay,FL,2906,0.0,0.0
19073,Greene,IA,3186,0.0,0.0
21033,Caldwell,KY,5305,0.0,0.0
48177,Gonzales,TX,3136,0.0,0.0
31137,Phelps,NE,6481,0.0,0.0
49043,Summit,UT,1942,0.0,0.0
20153,Rawlins,KS,4807,0.0,0.0
13095,Dougherty,GA,2833,0.0,0.0
25007,Dukes,MA,13476,0.0,0.0
26057,Gratiot,MI,4267,0.0,0.0
37027,Caldwell,NC,1581,0.0,0.0
19055,Delaware,IA,2486,0.0,0.0
22073,Ouachita,LA,2212,0.0,0.0
17139,Moultrie,IL,4331,0.0,0.0
47087,Jackson,TN,2269,0.0,0.0
09005,Litchfield,CT,6378,0.0,0.0
30097,Sweet Grass,MT,3425,0.0,0.0
26009,Antrim,MI,6759,0.0,0.0
19011,Benton,IA,2238,0.0,0.0
32023,Nye,NV,2930,0.0,0.0
29093,Iron,MO,3628,0.0,0.0
51820,Waynesboro,VA,1396,0.0,0.0
13119,Franklin,GA,1146,0.0,0.0
08091,Ouray,CO,1405,0.0,0.0
22059,La Salle,LA,2255,0.0,0.0
11001,District of Columbia,DC,3069,0.0,0.0
22055,Lafayette,LA,3092,0.0,0.0
51171,Shenandoah,VA,2649,0.0,0.0
51075,Goochland,VA,3071,0.0,0.0
42083,McKean,PA,5746,0.0,0.0
19183,Washington,IA,4576,0.0,0.0
55011,Buffalo,WI,4802,0.0,0.0
08007,Archuleta,CO,1659,0.0,0.0
13163,Jefferson,GA,3248,0.0,0.0
37059,Davie,NC,2164,0.0,0.0
31041,Custer,NE,5939,0.0,0.0
55015,Calumet,WI,5468,0.0,0.0
29097,Jasper,MO,4945,0.0,0.0
22051,Jefferson,LA,2415,0.0,0.0
27103,Nicollet,MN,6269,0.0,0.0
47111,Macon,TN,3218,0.0,0.0
38069,Pierce,ND,6009,0.0,0.0
13149,Heard,GA,2467,0.0,0.0
39035,Cuyahoga,OH,3498,0.0,0.0
42017,Bucks,PA,4890,0.0,0.0
16009,Benewah,ID,2221,0.0,0.0
39157,Tuscarawas,OH,3290,0.0,0.0
48035,Bosque,TX,4723,0.0,0.0
12091,Okaloosa,FL,6329,0.0,0.0
17035,Cumberland,IL,3626,0.0,0.0
53029,Island,WA,2246,0.0,0.0
12093,Okeechobee,FL,2658,0.0,0.0
48043,Brewster,TX,5619,0.0,0.0
27031,Cook,MN,5672,0.0,0.0
24037,St. Mary's,MD,3616,0.0,0.0
21221,Trigg,KY,4647,0.0,0.0
12107,Putnam,FL,1989,0.0,0.0
49045,Tooele,UT,3256,0.0,0.0
16025,Camas,ID,2368,0.0,0.0
47123,Monroe,TN,2906,0.0,0.0
13231,Pike,GA,2134,0.0,0.0
13055,Chattooga,GA,2294,0.0,0.0
39153,Summit,OH,4220,0.0,0.0
17133,Monroe,IL,2881,0.0,0.0
09013,Tolland,CT,6292,0.0,0.0
51137,Orange,VA,3666,0.0,0.0
17127,Massac,IL,2706,0.0,0.0
37105,Lee,NC,2574,0.0,0.0
33017,Strafford,NH,5614,0.0,0.0
22027,Claiborne,LA,2459,0.0,0.0
05115,Pope,AR,1519,0.0,0.0
13167,Johnson,GA,2423,0.0,0.0
55017,Chippewa,WI,3774,0.0,0.0
26093,Livingston,MI,6652,0.0,0.0
42105,Potter,PA,4464,0.0,0.0
28077,Lawrence,MS,1215,0.0,0.0
08103,Rio Blanco,CO,5728,0.0,0.0
31079,Hall,NE,6417,0.0,0.0
48465,Val Verde,TX,6082,0.0,0.0
26025,Calhoun,MI,6329,0.0,0.0
56015,Goshen,WY,4295,0.0,0.0
46035,Davison,SD,5800,0.0,0.0
39143,Sandusky,OH,5901,0.0,0.0
12047,Hamilton,FL,2395,0.0,0.0
06011,Colusa,CA,16187,0.0,0.0
20049,Elk,KS,4620,0.0,0.0
20111,Lyon,KS,6333,0.0,0.0
27083,Lyon,MN,7404,0.0,0.0
31183,Wheeler,NE,4623,0.0,0.0
37019,Brunswick,NC,5627,0.0,0.0
17037,DeKalb,IL,4419,0.0,0.0
12027,DeSoto,FL,2565,0.0,0.0
19077,Guthrie,IA,3040,0.0,0.0
27039,Dodge,MN,7212,0.0,0.0
31099,Kearney,NE,6424,0.0,0.0
17143,Peoria,IL,4084,0.0,0.0
38021,Dickey,ND,3529,0.0,0.0
29069,Dunklin,MO,2967,0.0,0.0
38101,Ward,ND,5524,0.0,0.0
48007,Aransas,TX,6040,0.0,0.0
19127,Marshall,IA,3108,0.0,0.0
46081,Lawrence,SD,6149,0.0,0.0
13109,Evans,GA,3930,0.0,0.0
41057,Tillamook,OR,3111,0.0,0.0
48005,Angelina,TX,2520,0.0,0.0
17103,Lee,IL,4889,0.0,0.0
27043,Faribault,MN,7638,0.0,0.0
06075,San Francisco,CA,19523,0.0,0.0
12131,Walton,FL,3164,0.0,0.0
17049,Effingham,IL,5156,0.0,0.0
08049,Grand,CO,2592,0.0,0.0
26027,Cass,MI,6403,0.0,0.0
28085,Lincoln,MS,2006,0.0,0.0
48139,Ellis,TX,5809,0.0,0.0
46127,Union,SD,4896,0.0,0.0
13035,Butts,GA,3010,0.0,0.0
06101,Sutter,CA,2778,0.0,0.0
06115,Yuba,CA,11678,0.0,0.0
04012,La Paz,AZ,3620,0.0,0.0
22109,Terrebonne,LA,2002,0.0,0.0
13173,Lanier,GA,3449,0.0,0.0
51133,Northumberland,VA,6327,0.0,0.0
20201,Washington,KS,7825,0.0,0.0
19177,Van Buren,IA,4440,0.0,0.0
19109,Kossuth,IA,3370,0.0,0.0
12043,Glades,FL,2530,0.0,0.0
30027,Fergus,MT,8684,0.0,0.0
29001,Adair,MO,4222,0.0,0.0
13309,Wheeler,GA,3043,0.0,0.0
35025,Lea,NM,5724,0.0,0.0
31013,Box Butte,NE,6309,0.0,0.0
13069,Coffee,GA,2534,0.0,0.0
53021,Franklin,WA,1442,0.0,0.0
37141,Pender,NC,3681,0.0,0.0
48321,Matagorda,TX,3087,0.0,0.0
12069,Lake,FL,2572,0.0,0.0
28139,Tippah,MS,4643,0.0,0.0
48153,Floyd,TX,7812,0.0,0.0
29053,Cooper,MO,3947,0.0,0.0
29037,Cass,MO,3346,0.0,0.0
05087,Madison,AR,3695,0.0,0.0
48019,Bandera,TX,2897,0.0,0.0
40147,Washington,OK,4071,0.0,0.0
08003,Alamosa,CO,2513,0.0,0.0
17167,Sangamon,IL,5245,0.0,0.0
20007,Barber,KS,4760,0.0,0.0
08043,Fremont,CO,4192,0.0,0.0
06069,San Benito,CA,3594,0.0,0.0
40083,Logan,OK,4370,0.0,0.0
56013,Fremont,WY,2763,0.0,0.0
05067,Jackson,AR,3116,0.0,0.0
27049,Goodhue,MN,6873,0.0,0.0
12057,Hillsborough,FL,1742,0.0,0.0
56005,Campbell,WY,6017,0.0,0.0
22101,St. Mary,LA,3509,0.0,0.0
26155,Shiawassee,MI,7331,0.0,0.0
13029,Bryan,GA,3055,0.0,0.0
35039,Rio Arriba,NM,2142,0.0,0.0
05111,Poinsett,AR,4509,0.0,0.0
24003,Anne Arundel,MD,4095,0.0,0.0
38071,Ramsey,ND,6605,0.0,0.0
55117,Sheboygan,WI,4116,0.0,0.0
31081,Hamilton,NE,6174,0.0,0.0
48459,Upshur,TX,3399,0.0,0.0
19137,Montgomery,IA,2557,0.0,0.0
38037,Grant,ND,7309,0.0,0.0
20161,Riley,KS,6949,0.0,0.0
16023,Butte,ID,2666,0.0,0.0
47119,Maury,TN,3557,0.0,0.0
06005,Amador,CA,7218,0.0,0.0
39043,Erie,OH,7189,0.0,0.0
06015,Del Norte,CA,2381,0.0,0.0
51139,Page,VA,2447,0.0,0.0
19075,Grundy,IA,2705,0.0,0.0
27079,Le Sueur,MN,5179,0.0,0.0
53003,Asotin,WA,1197,0.0,0.0
30067,Park,MT,6968,0.0,0.0
48357,Ochiltree,TX,6609,0.0,0.0
49057,Weber,UT,3041,0.0,0.0
29085,Hickory,MO,3742,0.0,0.0
06051,Mono,CA,17886,0.0,0.0
48437,Swisher,TX,4993,0.0,0.0
05075,Lawrence,AR,3573,0.0,0.0
21177,Muhlenberg,KY,3831,0.0,0.0
17085,Jo Daviess,IL,10679,0.0,0.0
51087,Henrico,VA,3021,0.0,0.0
17203,Woodford,IL,6073,0.0,0.0
19071,Fremont,IA,4902,0.0,0.0
20079,Harvey,KS,6076,0.0,0.0
48427,Starr,TX,5089,0.0,0.0
54039,Kanawha,WV,1152,0.0,0.0
19129,Mills,IA,2379,0.0,0.0
48501,Yoakum,TX,3794,0.0,0.0
48435,Sutton,TX,6773,0.0,0.0
19151,Pocahontas,IA,7558,0.0,0.0
35027,Lincoln,NM,4100,0.0,0.0
13135,Gwinnett,GA,1880,0.0,0.0
35031,McKinley,NM,4875,0.0,0.0
51720,Norton,VA,3970,0.0,0.0
38061,Mountrail,ND,7285,0.0,0.0
01089,Madison,AL,4508,0.0,0.0
41015,Curry,OR,3549,0.0,0.0
06041,Marin,CA,14235,0.0,0.0
27161,Waseca,MN,6797,0.0,0.0
48477,Washington,TX,4550,0.0,0.0
41027,Hood River,OR,1470,0.0,0.0
27127,Redwood,MN,7290,0.0,0.0
29109,Lawrence,MO,4984,0.0,0.0
38057,Mercer,ND,7743,0.0,0.0
55055,Jefferson,WI,3185,0.0,0.0
30049,Lewis and Clark,MT,4509,0.0,0.0
04009,Graham,AZ,3766,0.0,0.0
30111,Yellowstone,MT,3776,0.0,0.0
22081,Red River,LA,2718,0.0,0.0
08095,Phillips,CO,5874,0.0,0.0
19147,Palo Alto,IA,2947,0.0,0.0
31047,Dawson,NE,6078,0.0,0.0
51043,Clarke,VA,2987,0.0,0.0
20145,Pawnee,KS,6739,0.0,0.0
51023,Botetourt,VA,2087,0.0,0.0
42045,Delaware,PA,2240,0.0,0.0
41051,Multnomah,OR,2626,0.0,0.0
20197,Wabaunsee,KS,7203,0.0,0.0
40007,Beaver,OK,3666,0.0,0.0
42119,Union,PA,3479,0.0,0.0
49023,Juab,UT,4328,0.0,0.0
48151,Fisher,TX,5175,0.0,0.0
31083,Harlan,NE,5285,0.0,0.0
53007,Chelan,WA,1416,0.0,0.0
19087,Henry,IA,2679,0.0,0.0
32005,Douglas,NV,3191,0.0,0.0
21093,Hardin,KY,3670,0.0,0.0
17185,Wabash,IL,3855,0.0,0.0
37021,Buncombe,NC,4280,0.0,0.0
19139,Muscatine,IA,2677,0.0,0.0
06063,Plumas,CA,3212,0.0,0.0
20039,Decatur,KS,5141,0.0,0.0
46087,McCook,SD,5762,0.0,0.0
54049,Marion,WV,1347,0.0,0.0
31037,Colfax,NE,5303,0.0,0.0
19179,Wapello,IA,4338,0.0,0.0
28121,Rankin,MS,3930,0.0,0.0
56009,Converse,WY,6528,0.0,0.0
56041,Uinta,WY,4454,0.0,0.0
48245,Jefferson,TX,6262,0.0,0.0
56007,Carbon,WY,7640,0.0,0.0
27143,Sibley,MN,7152,0.0,0.0
49051,Wasatch,UT,2148,0.0,0.0
05017,Chicot,AR,3745,0.0,0.0
49041,Sevier,UT,3121,0.0,0.0
51125,Nelson,VA,3180,0.0,0.0
47133,Overton,TN,3710,0.0,0.0
28151,Washington,MS,3781,0.0,0.0
19067,Floyd,IA,2267,0.0,0.0
06113,Yolo,CA,5397,0.0,0.0
01115,St. Clair,AL,1167,0.0,0.0
27023,Chippewa,MN,6736,0.0,0.0
08115,Sedgwick,CO,5915,0.0,0.0
17041,Douglas,IL,3684,0.0,0.0
49009,Daggett,UT,2483,0.0,0.0
22077,Pointe Coupee,LA,1738,0.0,0.0
38017,Cass,ND,5635,0.0,0.0
27109,Olmsted,MN,7344,0.0,0.0
08037,Eagle,CO,1899,0.0,0.0
17119,Madison,IL,3167,0.0,0.0
20067,Grant,KS,5085,0.0,0.0
34017,Hudson,NJ,6737,0.0,0.0
16053,Jerome,ID,3488,0.0,0.0
17109,McDonough,IL,3770,0.0,0.0
42123,Warren,PA,3169,0.0,0.0
47015,Cannon,TN,2398,0.0,0.0
49019,Grand,UT,3179,0.0,0.0
16039,Elmore,ID,4505,0.0,0.0
16057,Latah,ID,3941,0.0,0.0
31169,Thayer,NE,6560,0.0,0.0
39039,Defiance,OH,4310,0.0,0.0
16017,Bonner,ID,5255,0.0,0.0
