fips,county_name,state_abbr,underserved,wind_breakeven_cost_btm,wind_tp_btm,wind_ep_btm
53043,Lincoln,WA,True,3325,64.2,0.0
35057,Torrance,NM,True,4682,61.9,0.1
35059,Union,NM,True,7858,31.3,31.3
30051,Liberty,MT,True,6249,30.6,30.6
26067,Ionia,MI,True,2552,30.3,0.0
40077,Latimer,OK,True,970,20.6,0.0
48421,Sherman,TX,True,4821,18.1,5.9
48229,Hudspeth,TX,True,4813,14.5,14.5
01101,Montgomery,AL,True,2480,13.3,0.0
48283,La Salle,TX,True,3976,12.8,0.0
35013,Do√±a Ana,NM,True,4202,12.6,0.0
46069,Hyde,SD,True,4937,12.1,12.1
38105,Williams,ND,True,4767,9.6,6.9
06047,Merced,CA,True,15674,8.9,4.3
04015,Mohave,AZ,True,5038,8.4,8.0
13033,Burke,GA,True,3107,8.1,0.0
37061,Duplin,NC,True,3706,7.9,0.0
21047,Christian,KY,True,4509,7.1,0.5
06071,San Bernardino,CA,True,18465,7.0,0.5
08021,Conejos,CO,True,2756,6.9,0.0
06025,Imperial,CA,True,13307,6.9,6.9
31177,Washington,NE,True,4405,6.0,6.0
48117,Deaf Smith,TX,True,5070,6.0,6.0
18077,Jefferson,IN,True,4944,5.8,5.8
41037,Lake,OR,True,4287,5.4,0.0
06085,Santa Clara,CA,True,11086,5.4,0.2
54003,Berkeley,WV,True,1748,5.0,0.0
30105,Valley,MT,True,7873,4.8,4.8
17201,Winnebago,IL,True,8388,4.6,4.6
01047,Dallas,AL,True,2872,4.4,0.0
55025,Dane,WI,True,8656,4.2,1.6
36065,Oneida,NY,True,4095,4.1,0.0
16073,Owyhee,ID,True,3924,3.8,0.0
48453,Travis,TX,True,4535,3.8,2.7
48209,Hays,TX,True,7124,3.5,3.5
20099,Labette,KS,True,6261,3.5,1.6
36075,Oswego,NY,True,5200,3.3,3.3
38023,Divide,ND,True,4796,3.3,0.6
48305,Lynn,TX,True,6340,3.2,3.2
21209,Scott,KY,True,5846,3.1,3.1
18053,Grant,IN,True,6356,3.0,3.0
46037,Day,SD,True,4755,3.0,3.0
48027,Bell,TX,True,4875,2.9,0.3
05107,Phillips,AR,True,3802,2.9,0.0
13141,Hancock,GA,True,2633,2.9,0.0
54077,Preston,WV,True,1696,2.9,0.0
48419,Shelby,TX,True,2066,2.8,0.0
08123,Weld,CO,True,4823,2.8,2.7
48491,Williamson,TX,True,7632,2.7,2.6
06111,Ventura,CA,True,7187,2.7,0.1
38009,Bottineau,ND,True,3633,2.7,0.0
36073,Orleans,NY,True,4833,2.6,2.6
30015,Chouteau,MT,True,7451,2.6,2.6
49021,Iron,UT,True,3613,2.6,0.0
36005,Bronx,NY,True,3986,2.6,0.0
38041,Hettinger,ND,True,3564,2.6,0.0
45029,Colleton,SC,True,2100,2.6,0.0
21017,Bourbon,KY,True,5248,2.5,1.8
30005,Blaine,MT,True,7748,2.4,2.4
06073,San Diego,CA,True,5570,2.4,0.8
38083,Sheridan,ND,True,4325,2.3,0.7
21213,Simpson,KY,True,5096,2.3,2.3
04019,Pima,AZ,True,3993,2.3,1.7
28011,Bolivar,MS,True,5688,2.2,2.2
21161,Mason,KY,True,4967,2.2,2.2
48331,Milam,TX,True,4649,2.2,1.9
28147,Walthall,MS,True,3602,2.1,0.0
29081,Harrison,MO,True,3663,2.0,0.0
36081,Queens,NY,True,4572,2.0,0.4
46123,Tripp,SD,True,6455,2.0,2.0
36045,Jefferson,NY,True,6200,2.0,1.5
17011,Bureau,IL,True,5116,1.9,1.9
29091,Howell,MO,True,3415,1.9,0.0
29101,Johnson,MO,True,4448,1.8,0.5
28083,Leflore,MS,True,2414,1.8,0.0
29135,Moniteau,MO,True,3745,1.7,0.0
36089,St. Lawrence,NY,True,776,1.7,0.0
12039,Gadsden,FL,True,3312,1.7,0.0
48309,McLennan,TX,True,8166,1.7,1.7
21045,Casey,KY,True,4231,1.6,1.5
28067,Jones,MS,True,2783,1.6,0.0
17077,Jackson,IL,True,4108,1.6,0.0
48165,Gaines,TX,True,3603,1.6,0.0
12086,Miami-Dade,FL,True,5110,1.5,0.3
36019,Clinton,NY,True,5097,1.5,0.7
36055,Monroe,NY,True,2180,1.5,0.0
29147,Nodaway,MO,True,4620,1.5,1.5
56035,Sublette,WY,True,4381,1.5,0.2
31109,Lancaster,NE,True,6110,1.5,0.0
13247,Rockdale,GA,True,1399,1.4,0.0
48277,Lamar,TX,True,2635,1.4,0.0
06107,Tulare,CA,True,4682,1.4,0.9
05037,Cross,AR,True,4232,1.4,0.0
05031,Craighead,AR,True,4196,1.4,0.0
48113,Dallas,TX,True,7354,1.4,1.0
30073,Pondera,MT,True,7166,1.3,1.3
06037,Los Angeles,CA,True,4426,1.3,0.3
18031,Decatur,IN,True,6066,1.3,1.3
06065,Riverside,CA,True,8586,1.3,0.6
12011,Broward,FL,True,4072,1.2,0.0
29203,Shannon,MO,True,3198,1.2,0.0
06083,Santa Barbara,CA,True,5223,1.2,0.0
30047,Lake,MT,True,4073,1.2,0.0
48029,Bexar,TX,True,4011,1.2,0.0
06059,Orange,CA,True,3059,1.2,0.1
48039,Brazoria,TX,True,3615,1.2,0.0
36063,Niagara,NY,True,5376,1.2,1.2
17001,Adams,IL,True,6297,1.1,1.1
36105,Sullivan,NY,True,6568,1.1,0.5
36011,Cayuga,NY,True,4231,1.1,0.0
48121,Denton,TX,True,5729,1.1,0.1
20041,Dickinson,KS,True,5797,1.1,1.1
45019,Charleston,SC,True,6837,1.1,0.9
17099,LaSalle,IL,True,4442,1.1,1.1
25027,Worcester,MA,True,2104,1.1,0.0
17141,Ogle,IL,True,6248,1.1,1.1
19065,Fayette,IA,True,2732,1.0,0.0
20029,Cloud,KS,True,5413,1.0,1.0
30011,Carter,MT,True,7547,1.0,1.0
48071,Chambers,TX,True,4520,1.0,0.4
48325,Medina,TX,True,2775,1.0,0.0
48185,Grimes,TX,True,4672,1.0,1.0
55087,Outagamie,WI,True,5848,1.0,0.0
30085,Roosevelt,MT,True,6240,0.9,0.9
36009,Cattaraugus,NY,True,4813,0.9,0.8
29119,McDonald,MO,True,3515,0.9,0.0
31131,Otoe,NE,True,6006,0.9,0.9
24031,Montgomery,MD,True,4437,0.9,0.2
05123,St. Francis,AR,True,3426,0.9,0.0
46011,Brookings,SD,True,5457,0.9,0.9
48021,Bastrop,TX,True,4085,0.9,0.0
40041,Delaware,OK,True,5727,0.9,0.6
35005,Chaves,NM,True,5328,0.9,0.9
26099,Macomb,MI,True,1748,0.9,0.0
31019,Buffalo,NE,True,6263,0.9,0.9
20195,Trego,KS,True,5953,0.9,0.9
05013,Calhoun,AR,True,2203,0.9,0.0
20183,Smith,KS,True,4756,0.8,0.8
53061,Snohomish,WA,True,1940,0.8,0.0
46005,Beadle,SD,True,5115,0.8,0.8
29205,Shelby,MO,True,4402,0.8,0.8
20085,Jackson,KS,True,6244,0.8,0.8
08001,Adams,CO,True,3217,0.8,0.0
20095,Kingman,KS,True,6575,0.8,0.8
46115,Spink,SD,True,5020,0.8,0.8
28061,Jasper,MS,True,2505,0.8,0.0
20009,Barton,KS,True,6102,0.8,0.8
08069,Larimer,CO,True,4899,0.8,0.1
46067,Hutchinson,SD,True,5386,0.8,0.8
08013,Boulder,CO,True,3010,0.8,0.0
18003,Allen,IN,True,6236,0.8,0.8
20069,Gray,KS,True,4962,0.8,0.8
12101,Pasco,FL,True,3304,0.8,0.0
29133,Mississippi,MO,True,3376,0.8,0.0
13165,Jenkins,GA,True,3322,0.8,0.0
20047,Edwards,KS,True,6460,0.7,0.7
48201,Harris,TX,True,3663,0.7,0.0
40057,Harmon,OK,True,4631,0.7,0.7
40129,Roger Mills,OK,True,10006,0.7,0.7
20003,Anderson,KS,True,6812,0.7,0.7
40015,Caddo,OK,True,6146,0.7,0.7
36069,Ontario,NY,True,4810,0.7,0.7
18131,Pulaski,IN,True,5819,0.7,0.7
40047,Garfield,OK,True,5426,0.7,0.7
28119,Quitman,MS,True,2767,0.7,0.0
38079,Rolette,ND,True,3615,0.7,0.0
36027,Dutchess,NY,True,1355,0.7,0.0
21191,Pendleton,KY,True,2429,0.7,0.0
08109,Saguache,CO,True,1283,0.7,0.0
27027,Clay,MN,True,9722,0.7,0.7
47069,Hardeman,TN,True,2922,0.7,0.0
17091,Kankakee,IL,True,4825,0.7,0.7
17107,Logan,IL,True,4508,0.7,0.6
37069,Franklin,NC,True,3321,0.6,0.0
29229,Wright,MO,True,3919,0.6,0.0
21183,Ohio,KY,True,4277,0.6,0.0
40081,Lincoln,OK,True,5186,0.6,0.3
53073,Whatcom,WA,True,4186,0.6,0.1
27021,Cass,MN,True,7190,0.6,0.6
26033,Chippewa,MI,True,2836,0.6,0.0
37123,Montgomery,NC,True,4495,0.6,0.1
13067,Cobb,GA,True,1807,0.6,0.0
04021,Pinal,AZ,True,2745,0.6,0.0
29023,Butler,MO,True,2799,0.6,0.0
39173,Wood,OH,True,6187,0.6,0.3
20155,Reno,KS,True,6939,0.6,0.6
20015,Butler,KS,True,6826,0.6,0.6
08041,El Paso,CO,True,6110,0.6,0.6
12099,Palm Beach,FL,True,4530,0.6,0.4
38015,Burleigh,ND,True,3790,0.6,0.0
45015,Berkeley,SC,True,4389,0.6,0.4
48313,Madison,TX,True,3342,0.6,0.0
36047,Kings,NY,True,3924,0.6,0.2
01005,Barbour,AL,True,2694,0.6,0.0
28051,Holmes,MS,True,1656,0.6,0.0
40101,Muskogee,OK,True,3956,0.6,0.0
36007,Broome,NY,True,3242,0.5,0.0
48473,Waller,TX,True,2639,0.5,0.0
51175,Southampton,VA,True,4899,0.5,0.5
39051,Fulton,OH,True,4548,0.5,0.5
39127,Perry,OH,True,4747,0.5,0.1
55043,Grant,WI,True,4906,0.5,0.4
01125,Tuscaloosa,AL,True,2544,0.5,0.0
27169,Winona,MN,True,9200,0.5,0.5
21049,Clark,KY,True,5292,0.5,0.5
04003,Cochise,AZ,True,3824,0.5,0.1
36017,Chenango,NY,True,3446,0.5,0.0
13031,Bulloch,GA,True,4752,0.5,0.4
18017,Cass,IN,True,5604,0.5,0.5
26125,Oakland,MI,True,1957,0.5,0.0
21207,Russell,KY,True,3493,0.5,0.0
48093,Comanche,TX,True,2464,0.5,0.0
24041,Talbot,MD,True,2624,0.5,0.0
41017,Deschutes,OR,True,3504,0.5,0.0
29083,Henry,MO,True,3524,0.5,0.0
19051,Davis,IA,True,2551,0.5,0.0
39025,Clermont,OH,True,4069,0.5,0.0
48485,Wichita,TX,True,6902,0.5,0.5
01049,DeKalb,AL,True,3301,0.4,0.0
17113,McLean,IL,True,5080,0.4,0.4
18153,Sullivan,IN,True,5989,0.4,0.4
45079,Richland,SC,True,3936,0.4,0.0
35001,Bernalillo,NM,True,3871,0.4,0.0
42055,Franklin,PA,True,4958,0.4,0.4
13175,Laurens,GA,True,3424,0.4,0.0
13115,Floyd,GA,True,1874,0.4,0.0
48319,Mason,TX,True,2594,0.4,0.0
01057,Fayette,AL,True,3204,0.4,0.0
40067,Jefferson,OK,True,4297,0.4,0.0
48471,Walker,TX,True,3110,0.4,0.0
10001,Kent,DE,True,5651,0.4,0.4
05057,Hempstead,AR,True,2329,0.4,0.0
20031,Coffey,KS,True,6179,0.4,0.4
06029,Kern,CA,True,28798,0.4,0.4
53025,Grant,WA,True,2461,0.4,0.0
38049,McHenry,ND,True,4273,0.4,0.0
18141,St. Joseph,IN,True,6549,0.4,0.4
17043,DuPage,IL,True,4647,0.4,0.2
41035,Klamath,OR,True,2447,0.4,0.0
06019,Fresno,CA,True,13779,0.4,0.4
22041,Franklin,LA,True,3088,0.4,0.0
12083,Marion,FL,True,2848,0.4,0.0
24045,Wicomico,MD,True,5119,0.4,0.2
17031,Cook,IL,True,5620,0.4,0.4
12079,Madison,FL,True,2797,0.4,0.0
45051,Horry,SC,True,3633,0.4,0.0
18097,Marion,IN,True,3378,0.4,0.0
19053,Decatur,IA,True,2275,0.4,0.0
13121,Fulton,GA,True,3437,0.4,0.0
21199,Pulaski,KY,True,2972,0.4,0.0
13185,Lowndes,GA,True,2556,0.4,0.0
39083,Knox,OH,True,3234,0.4,0.0
45087,Union,SC,True,2229,0.4,0.0
22017,Caddo,LA,True,2560,0.3,0.0
08067,La Plata,CO,True,1887,0.3,0.0
45083,Spartanburg,SC,True,2624,0.3,0.0
29217,Vernon,MO,True,3953,0.3,0.0
26061,Houghton,MI,True,1877,0.3,0.0
47125,Montgomery,TN,True,3044,0.3,0.0
41029,Jackson,OR,True,2282,0.3,0.0
51049,Cumberland,VA,True,2646,0.3,0.0
48423,Smith,TX,True,2599,0.3,0.0
48355,Nueces,TX,True,5592,0.3,0.3
37049,Craven,NC,True,4316,0.3,0.0
30031,Gallatin,MT,True,4365,0.3,0.2
27119,Polk,MN,True,8832,0.3,0.3
04013,Maricopa,AZ,True,1555,0.3,0.0
16083,Twin Falls,ID,True,5994,0.3,0.3
30083,Richland,MT,True,4594,0.3,0.2
45035,Dorchester,SC,True,3693,0.3,0.0
48401,Rusk,TX,True,3273,0.3,0.0
45057,Lancaster,SC,True,2987,0.3,0.0
53039,Klickitat,WA,True,2857,0.3,0.0
35049,Santa Fe,NM,True,6024,0.3,0.3
01091,Marengo,AL,True,2696,0.3,0.0
33013,Merrimack,NH,True,4856,0.3,0.3
29019,Boone,MO,True,3546,0.3,0.0
41003,Benton,OR,True,2153,0.3,0.0
20125,Montgomery,KS,True,6800,0.3,0.3
18167,Vigo,IN,True,5205,0.3,0.3
35035,Otero,NM,True,4589,0.3,0.2
17027,Clinton,IL,True,3861,0.3,0.0
20005,Atchison,KS,True,5961,0.3,0.3
40037,Creek,OK,True,4586,0.3,0.1
37091,Hertford,NC,True,5090,0.3,0.3
37127,Nash,NC,True,3513,0.3,0.0
23009,Hancock,ME,True,6286,0.3,0.3
13265,Taliaferro,GA,True,3819,0.3,0.0
48163,Frio,TX,True,4106,0.3,0.0
55075,Marinette,WI,True,3792,0.3,0.0
21211,Shelby,KY,True,4593,0.3,0.3
37145,Person,NC,True,4929,0.3,0.3
48439,Tarrant,TX,True,7926,0.3,0.2
30001,Beaverhead,MT,True,7127,0.3,0.3
08029,Delta,CO,True,2329,0.3,0.0
35029,Luna,NM,True,5882,0.3,0.3
29061,Daviess,MO,True,3584,0.3,0.0
37051,Cumberland,NC,True,3691,0.3,0.0
19169,Story,IA,True,3011,0.3,0.0
05011,Bradley,AR,True,2444,0.3,0.0
08031,Denver,CO,True,3563,0.3,0.0
28113,Pike,MS,True,1657,0.3,0.0
48099,Coryell,TX,True,3675,0.3,0.0
01105,Perry,AL,True,3218,0.3,0.0
29163,Pike,MO,True,3553,0.3,0.0
36043,Herkimer,NY,True,2511,0.3,0.0
13193,Macon,GA,True,2937,0.3,0.0
48303,Lubbock,TX,True,4781,0.3,0.1
55101,Racine,WI,True,3275,0.3,0.0
47183,Weakley,TN,True,3533,0.3,0.0
06067,Sacramento,CA,True,14924,0.3,0.3
18037,Dubois,IN,True,5685,0.3,0.3
05007,Benton,AR,True,4595,0.3,0.1
48349,Navarro,TX,True,4637,0.3,0.1
39101,Marion,OH,True,6779,0.3,0.0
01009,Blount,AL,True,3788,0.3,0.0
29117,Livingston,MO,True,3781,0.3,0.0
48161,Freestone,TX,True,2537,0.3,0.0
27137,St. Louis,MN,True,5041,0.3,0.3
42021,Cambria,PA,True,1011,0.3,0.0
50003,Bennington,VT,True,5804,0.3,0.3
30019,Daniels,MT,True,5154,0.3,0.3
24029,Kent,MD,True,3784,0.2,0.0
12051,Hendry,FL,True,2357,0.2,0.0
23019,Penobscot,ME,True,6338,0.2,0.2
19103,Johnson,IA,True,2419,0.2,0.0
30069,Petroleum,MT,True,5742,0.2,0.2
45061,Lee,SC,True,3992,0.2,0.0
18039,Elkhart,IN,True,6416,0.2,0.2
28021,Claiborne,MS,True,1952,0.2,0.0
12087,Monroe,FL,True,7933,0.2,0.2
39095,Lucas,OH,True,5513,0.2,0.2
55141,Wood,WI,True,5649,0.2,0.2
13251,Screven,GA,True,3607,0.2,0.0
26041,Delta,MI,True,1605,0.2,0.0
13187,Lumpkin,GA,True,1108,0.2,0.0
45089,Williamsburg,SC,True,1973,0.2,0.0
26081,Kent,MI,True,2192,0.2,0.0
31121,Merrick,NE,True,5502,0.2,0.2
13273,Terrell,GA,True,3429,0.2,0.0
46093,Meade,SD,True,5469,0.2,0.2
41053,Polk,OR,True,4464,0.2,0.2
26161,Washtenaw,MI,True,2205,0.2,0.0
26059,Hillsdale,MI,True,2246,0.2,0.0
12103,Pinellas,FL,True,4528,0.2,0.1
20037,Crawford,KS,True,5234,0.2,0.2
48015,Austin,TX,True,3042,0.2,0.0
41049,Morrow,OR,True,4665,0.2,0.0
24033,Prince George's,MD,True,3629,0.2,0.0
38025,Dunn,ND,True,6493,0.2,0.2
13097,Douglas,GA,True,3513,0.2,0.0
27129,Renville,MN,True,10107,0.2,0.2
48141,El Paso,TX,True,4748,0.2,0.0
21219,Todd,KY,True,4740,0.2,0.2
05027,Columbia,AR,True,2282,0.2,0.0
31151,Saline,NE,True,5408,0.2,0.2
45017,Calhoun,SC,True,4130,0.2,0.0
34005,Burlington,NJ,True,6452,0.2,0.1
45001,Abbeville,SC,True,2685,0.2,0.0
04025,Yavapai,AZ,True,3656,0.2,0.0
29105,Laclede,MO,True,2672,0.2,0.0
19155,Pottawattamie,IA,True,2921,0.2,0.0
01109,Pike,AL,True,2712,0.2,0.0
05015,Carroll,AR,True,2190,0.2,0.0
13255,Spalding,GA,True,2763,0.2,0.0
28073,Lamar,MS,True,1909,0.2,0.0
42049,Erie,PA,True,4888,0.2,0.2
46095,Mellette,SD,True,4363,0.2,0.2
48143,Erath,TX,True,5636,0.2,0.2
35045,San Juan,NM,True,3194,0.2,0.0
29103,Knox,MO,True,4444,0.2,0.2
26065,Ingham,MI,True,1970,0.2,0.0
26139,Ottawa,MI,True,2316,0.2,0.0
40145,Wagoner,OK,True,4254,0.2,0.0
21009,Barren,KY,True,4641,0.2,0.2
16027,Canyon,ID,True,3686,0.2,0.0
45009,Bamberg,SC,True,3926,0.2,0.0
26077,Kalamazoo,MI,True,1906,0.2,0.0
20051,Ellis,KS,True,5004,0.2,0.2
19157,Poweshiek,IA,True,2761,0.2,0.0
53045,Mason,WA,True,1963,0.2,0.0
20021,Cherokee,KS,True,6077,0.2,0.2
31157,Scotts Bluff,NE,True,4789,0.2,0.2
05055,Greene,AR,True,3814,0.2,0.0
56021,Laramie,WY,True,6872,0.2,0.2
22123,West Carroll,LA,True,3173,0.2,0.0
29079,Grundy,MO,True,3542,0.2,0.0
18091,LaPorte,IN,True,5990,0.2,0.2
53057,Skagit,WA,True,2189,0.2,0.0
31173,Thurston,NE,True,6634,0.2,0.2
48133,Eastland,TX,True,6222,0.2,0.2
36067,Onondaga,NY,True,4200,0.2,0.0
01093,Marion,AL,True,3047,0.2,0.0
06033,Lake,CA,True,18985,0.2,0.2
01069,Houston,AL,True,2903,0.2,0.0
29107,Lafayette,MO,True,3402,0.2,0.0
12115,Sarasota,FL,True,3679,0.2,0.0
39023,Clark,OH,True,4006,0.2,0.0
19153,Polk,IA,True,4927,0.2,0.2
42085,Mercer,PA,True,5443,0.2,0.1
41043,Linn,OR,True,3567,0.2,0.0
06097,Sonoma,CA,True,9191,0.2,0.2
18099,Marshall,IN,True,2790,0.2,0.0
41013,Crook,OR,True,5262,0.2,0.0
13087,Decatur,GA,True,2935,0.2,0.0
28071,Lafayette,MS,True,2252,0.2,0.0
05135,Sharp,AR,True,4547,0.2,0.2
56039,Teton,WY,True,3268,0.2,0.0
24019,Dorchester,MD,True,5823,0.2,0.2
40127,Pushmataha,OK,True,2828,0.2,0.0
26043,Dickinson,MI,True,1460,0.2,0.0
06001,Alameda,CA,True,12329,0.2,0.1
40091,McIntosh,OK,True,4087,0.2,0.0
08045,Garfield,CO,True,3462,0.2,0.0
01017,Chambers,AL,True,2082,0.2,0.0
55099,Price,WI,True,4115,0.2,0.0
13025,Brantley,GA,True,3282,0.2,0.0
40035,Craig,OK,True,4139,0.2,0.0
28095,Monroe,MS,True,1602,0.2,0.0
26085,Lake,MI,True,2333,0.2,0.0
40123,Pontotoc,OK,True,3146,0.2,0.0
40005,Atoka,OK,True,3036,0.2,0.0
06021,Glenn,CA,True,19937,0.2,0.2
48315,Marion,TX,True,1546,0.2,0.0
45031,Darlington,SC,True,4319,0.2,0.0
48181,Grayson,TX,True,5678,0.2,0.2
55003,Ashland,WI,True,4057,0.2,0.0
28111,Perry,MS,True,1597,0.2,0.0
12021,Collier,FL,True,2933,0.2,0.0
38035,Grand Forks,ND,True,3816,0.2,0.0
01023,Choctaw,AL,True,3058,0.2,0.0
53053,Pierce,WA,True,1320,0.2,0.0
12133,Washington,FL,True,3296,0.2,0.0
08119,Teller,CO,True,5109,0.2,0.0
16055,Kootenai,ID,True,5345,0.2,0.2
19035,Cherokee,IA,True,3769,0.2,0.0
39027,Clinton,OH,True,4228,0.2,0.0
37165,Scotland,NC,True,3486,0.2,0.0
37071,Gaston,NC,True,4345,0.2,0.0
55031,Douglas,WI,True,2907,0.2,0.0
34023,Middlesex,NJ,True,3001,0.2,0.0
45071,Newberry,SC,True,3065,0.2,0.0
28123,Scott,MS,True,1642,0.2,0.0
53005,Benton,WA,True,2428,0.2,0.0
06049,Modoc,CA,True,20958,0.2,0.2
13195,Madison,GA,True,2434,0.2,0.0
28017,Chickasaw,MS,True,3678,0.2,0.0
06007,Butte,CA,True,18519,0.2,0.2
40109,Oklahoma,OK,True,4718,0.2,0.1
17051,Fayette,IL,True,3768,0.2,0.0
41061,Union,OR,True,1795,0.2,0.0
16031,Cassia,ID,True,3920,0.2,0.0
42039,Crawford,PA,True,916,0.2,0.0
36091,Saratoga,NY,True,3159,0.2,0.0
17053,Ford,IL,True,4758,0.2,0.2
21197,Powell,KY,True,2671,0.2,0.0
21227,Warren,KY,True,5230,0.2,0.2
27085,McLeod,MN,True,9015,0.2,0.2
53063,Spokane,WA,True,2260,0.2,0.0
13059,Clarke,GA,True,2628,0.2,0.0
41001,Baker,OR,True,1249,0.2,0.0
36061,New York,NY,True,6784,0.2,0.2
55097,Portage,WI,True,6268,0.2,0.2
08101,Pueblo,CO,True,4528,0.2,0.1
46109,Roberts,SD,True,5478,0.2,0.2
45055,Kershaw,SC,True,2845,0.2,0.0
40125,Pottawatomie,OK,True,4725,0.2,0.1
41067,Washington,OR,True,3682,0.2,0.0
27095,Mille Lacs,MN,True,5296,0.2,0.2
06013,Contra Costa,CA,True,28576,0.2,0.2
27007,Beltrami,MN,True,7105,0.2,0.2
55121,Trempealeau,WI,True,5130,0.2,0.2
05143,Washington,AR,True,4191,0.2,0.1
35017,Grant,NM,True,4985,0.2,0.2
41047,Marion,OR,True,3353,0.2,0.0
12085,Martin,FL,True,5191,0.2,0.0
37119,Mecklenburg,NC,True,3172,0.2,0.0
48085,Collin,TX,True,6373,0.2,0.2
06053,Monterey,CA,True,12478,0.2,0.2
48259,Kendall,TX,True,2432,0.2,0.0
20001,Allen,KS,True,6671,0.2,0.2
13279,Toombs,GA,True,4228,0.2,0.0
17177,Stephenson,IL,True,4913,0.2,0.0
29043,Christian,MO,True,3005,0.2,0.0
51047,Culpeper,VA,True,3807,0.2,0.0
08085,Montrose,CO,True,2378,0.2,0.0
28027,Coahoma,MS,True,2670,0.2,0.0
53011,Clark,WA,True,1935,0.1,0.0
51760,Richmond,VA,True,2086,0.1,0.0
28129,Smith,MS,True,1321,0.1,0.0
40143,Tulsa,OK,True,4463,0.1,0.1
48267,Kimble,TX,True,6039,0.1,0.1
26163,Wayne,MI,True,1684,0.1,0.0
13293,Upson,GA,True,2639,0.1,0.0
12111,St. Lucie,FL,True,5262,0.1,0.1
29215,Texas,MO,True,3875,0.1,0.0
36025,Delaware,NY,True,5569,0.1,0.1
19113,Linn,IA,True,2701,0.1,0.0
13245,Richmond,GA,True,3340,0.1,0.0
23003,Aroostook,ME,True,6318,0.1,0.1
51135,Nottoway,VA,True,4045,0.1,0.0
56033,Sheridan,WY,True,2893,0.1,0.0
30063,Missoula,MT,True,2873,0.1,0.0
53077,Yakima,WA,True,4740,0.1,0.0
18109,Morgan,IN,True,5855,0.1,0.1
49031,Piute,UT,True,4106,0.1,0.0
13213,Murray,GA,True,3338,0.1,0.0
29063,DeKalb,MO,True,3969,0.1,0.0
37063,Durham,NC,True,1920,0.1,0.0
20011,Bourbon,KS,True,4784,0.1,0.1
37129,New Hanover,NC,True,5176,0.1,0.1
48215,Hidalgo,TX,True,6097,0.1,0.1
12127,Volusia,FL,True,4919,0.1,0.1
12001,Alachua,FL,True,2729,0.1,0.0
55079,Milwaukee,WI,True,5519,0.1,0.1
37163,Sampson,NC,True,4679,0.1,0.1
01107,Pickens,AL,True,3071,0.1,0.0
25017,Middlesex,MA,True,11207,0.1,0.1
39009,Athens,OH,True,2153,0.1,0.0
42019,Butler,PA,True,4314,0.1,0.0
40059,Harper,OK,True,3905,0.1,0.0
01003,Baldwin,AL,True,4823,0.1,0.0
32001,Churchill,NV,True,3210,0.1,0.0
48347,Nacogdoches,TX,True,3155,0.1,0.0
06099,Stanislaus,CA,True,19404,0.1,0.1
13077,Coweta,GA,True,2301,0.1,0.0
47167,Tipton,TN,True,3485,0.1,0.0
22033,East Baton Rouge,LA,True,1486,0.1,0.0
48387,Red River,TX,True,2881,0.1,0.0
41045,Malheur,OR,True,3236,0.1,0.0
13261,Sumter,GA,True,4336,0.1,0.0
23029,Washington,ME,True,10006,0.1,0.1
48351,Newton,TX,True,2373,0.1,0.0
48061,Cameron,TX,True,6831,0.1,0.1
31031,Cherry,NE,True,6240,0.1,0.1
37083,Halifax,NC,True,4487,0.1,0.1
22097,St. Landry,LA,True,2235,0.1,0.0
06031,Kings,CA,True,15209,0.1,0.1
05081,Little River,AR,True,3134,0.1,0.0
37135,Orange,NC,True,2881,0.1,0.0
21083,Graves,KY,True,5601,0.1,0.1
13285,Troup,GA,True,2228,0.1,0.0
20173,Sedgwick,KS,True,6446,0.1,0.1
48219,Hockley,TX,True,2894,0.1,0.0
46111,Sanborn,SD,True,5032,0.1,0.1
28157,Wilkinson,MS,True,2281,0.1,0.0
01095,Marshall,AL,True,3481,0.1,0.0
24027,Howard,MD,True,5043,0.1,0.1
38093,Stutsman,ND,True,3732,0.1,0.0
44007,Providence,RI,True,6263,0.1,0.1
45011,Barnwell,SC,True,3601,0.1,0.0
40089,McCurtain,OK,True,2419,0.1,0.0
42087,Mifflin,PA,True,1067,0.1,0.0
36085,Richmond,NY,True,3879,0.1,0.0
13001,Appling,GA,True,3557,0.1,0.0
05113,Polk,AR,True,2444,0.1,0.0
24023,Garrett,MD,True,8640,0.1,0.1
28009,Benton,MS,True,2495,0.1,0.0
48025,Bee,TX,True,5025,0.1,0.1
34001,Atlantic,NJ,True,11778,0.1,0.1
04027,Yuma,AZ,True,3231,0.1,0.0
53037,Kittitas,WA,True,2186,0.1,0.0
37155,Robeson,NC,True,3037,0.1,0.0
04023,Santa Cruz,AZ,True,4088,0.1,0.0
48217,Hill,TX,True,4614,0.1,0.1
22049,Jackson,LA,True,2522,0.1,0.0
27131,Rice,MN,True,7533,0.1,0.1
26019,Benzie,MI,True,3544,0.1,0.0
37077,Granville,NC,True,4488,0.1,0.1
06103,Tehama,CA,True,20608,0.1,0.1
39065,Hardin,OH,True,6442,0.1,0.1
12065,Jefferson,FL,True,2131,0.1,0.0
39097,Madison,OH,True,6051,0.1,0.1
01065,Hale,AL,True,2781,0.1,0.0
48187,Guadalupe,TX,True,3887,0.1,0.0
39003,Allen,OH,True,6090,0.1,0.1
08005,Arapahoe,CO,True,3477,0.1,0.0
18089,Lake,IN,True,5847,0.1,0.1
48167,Galveston,TX,True,6571,0.1,0.1
20057,Ford,KS,True,6173,0.1,0.1
12095,Orange,FL,True,1968,0.1,0.0
38003,Barnes,ND,True,6553,0.1,0.1
26111,Midland,MI,True,1506,0.1,0.0
28025,Clay,MS,True,1526,0.1,0.0
48463,Uvalde,TX,True,3810,0.1,0.0
06077,San Joaquin,CA,True,16789,0.1,0.1
04005,Coconino,AZ,True,4119,0.1,0.0
40021,Cherokee,OK,True,3760,0.1,0.0
48257,Kaufman,TX,True,4627,0.1,0.1
36023,Cortland,NY,True,4563,0.1,0.1
20055,Finney,KS,True,4164,0.1,0.0
33001,Belknap,NH,True,7896,0.1,0.1
40135,Sequoyah,OK,True,3093,0.1,0.0
28137,Tate,MS,True,2066,0.1,0.0
12081,Manatee,FL,True,3851,0.1,0.0
22039,Evangeline,LA,True,2955,0.1,0.0
05097,Montgomery,AR,True,1821,0.1,0.0
37157,Rockingham,NC,True,2736,0.1,0.0
45025,Chesterfield,SC,True,3726,0.1,0.0
06039,Madera,CA,True,17986,0.1,0.1
22105,Tangipahoa,LA,True,2231,0.1,0.0
47151,Scott,TN,True,1954,0.1,0.0
28047,Harrison,MS,True,3974,0.1,0.0
37067,Forsyth,NC,True,3758,0.1,0.0
37101,Johnston,NC,True,4113,0.1,0.0
12097,Osceola,FL,True,3009,0.1,0.0
08023,Costilla,CO,True,5285,0.1,0.1
13071,Colquitt,GA,True,4785,0.1,0.1
01051,Elmore,AL,True,1943,0.1,0.0
19193,Woodbury,IA,True,6934,0.1,0.1
13129,Gordon,GA,True,1822,0.1,0.0
48279,Lamb,TX,True,5895,0.1,0.1
21111,Jefferson,KY,True,3532,0.1,0.0
37195,Wilson,NC,True,5692,0.1,0.1
55131,Washington,WI,True,8479,0.1,0.1
48041,Brazos,TX,True,3944,0.1,0.0
01025,Clarke,AL,True,4324,0.1,0.0
22001,Acadia,LA,True,3432,0.1,0.0
40013,Bryan,OK,True,4004,0.1,0.0
13297,Walton,GA,True,1707,0.1,0.0
26157,Tuscola,MI,True,2162,0.1,0.0
13263,Talbot,GA,True,2534,0.1,0.0
29221,Washington,MO,True,3716,0.1,0.0
53027,Grays Harbor,WA,True,2527,0.1,0.0
29161,Phelps,MO,True,2461,0.1,0.0
21113,Jessamine,KY,True,5137,0.1,0.1
48481,Wharton,TX,True,4580,0.1,0.1
48451,Tom Green,TX,True,5304,0.1,0.0
46033,Custer,SD,True,3474,0.1,0.0
53047,Okanogan,WA,True,1795,0.1,0.0
13221,Oglethorpe,GA,True,3335,0.1,0.0
37147,Pitt,NC,True,4931,0.1,0.1
31045,Dawes,NE,True,4240,0.1,0.0
06079,San Luis Obispo,CA,True,18948,0.1,0.1
24005,Baltimore,MD,True,5004,0.1,0.0
05001,Arkansas,AR,True,3589,0.1,0.0
13147,Hart,GA,True,2930,0.1,0.0
35061,Valencia,NM,True,3790,0.1,0.0
20045,Douglas,KS,True,7132,0.1,0.1
42101,Philadelphia,PA,True,4478,0.1,0.1
09001,Fairfield,CT,True,9140,0.1,0.1
01081,Lee,AL,True,3073,0.1,0.0
53033,King,WA,True,4400,0.1,0.0
39001,Adams,OH,True,4083,0.1,0.0
29189,St. Louis,MO,True,3081,0.1,0.0
29149,Oregon,MO,True,2852,0.1,0.0
40027,Cleveland,OK,True,4756,0.1,0.1
44005,Newport,RI,True,8900,0.1,0.1
04007,Gila,AZ,True,3735,0.1,0.0
28163,Yazoo,MS,True,2182,0.1,0.0
01041,Crenshaw,AL,True,2247,0.1,0.0
37085,Harnett,NC,True,4581,0.1,0.0
40031,Comanche,OK,True,3902,0.1,0.0
44009,Washington,RI,True,8605,0.1,0.1
37013,Beaufort,NC,True,5064,0.1,0.1
37181,Vance,NC,True,4969,0.1,0.1
05045,Faulkner,AR,True,3143,0.1,0.0
13021,Bibb,GA,True,1850,0.1,0.0
06089,Shasta,CA,True,8229,0.1,0.0
47051,Franklin,TN,True,1381,0.1,0.0
55139,Winnebago,WI,True,7235,0.1,0.1
27145,Stearns,MN,True,8683,0.1,0.1
39049,Franklin,OH,True,4997,0.1,0.0
13091,Dodge,GA,True,2435,0.1,0.0
29007,Audrain,MO,True,4119,0.1,0.0
37133,Onslow,NC,True,5325,0.1,0.0
31033,Cheyenne,NE,True,4690,0.1,0.1
42079,Luzerne,PA,True,4838,0.1,0.1
22063,Livingston,LA,True,2581,0.1,0.0
45063,Lexington,SC,True,5112,0.1,0.1
01099,Monroe,AL,True,3821,0.1,0.0
29169,Pulaski,MO,True,2892,0.1,0.0
47093,Knox,TN,True,1617,0.1,0.0
25023,Plymouth,MA,True,12533,0.1,0.1
06081,San Mateo,CA,True,22525,0.1,0.1
23005,Cumberland,ME,True,5731,0.1,0.1
13169,Jones,GA,True,3392,0.1,0.0
41059,Umatilla,OR,True,3406,0.1,0.0
28089,Madison,MS,True,1855,0.1,0.0
48225,Houston,TX,True,2850,0.1,0.0
48231,Hunt,TX,True,5027,0.1,0.1
12129,Wakulla,FL,True,2567,0.1,0.0
48239,Jackson,TX,True,3218,0.1,0.0
05145,White,AR,True,3275,0.1,0.0
26021,Berrien,MI,True,2730,0.1,0.0
51033,Caroline,VA,True,3795,0.1,0.0
29167,Polk,MO,True,4193,0.1,0.0
18083,Knox,IN,True,5569,0.1,0.1
39071,Highland,OH,True,6484,0.1,0.1
40131,Rogers,OK,True,4392,0.1,0.1
27035,Crow Wing,MN,True,4814,0.1,0.1
39155,Trumbull,OH,True,3108,0.1,0.0
47173,Union,TN,True,1514,0.1,0.0
55135,Waupaca,WI,True,2949,0.1,0.0
31039,Cuming,NE,True,5993,0.1,0.1
01035,Conecuh,AL,True,3064,0.1,0.0
37153,Richmond,NC,True,3777,0.1,0.0
20035,Cowley,KS,True,6974,0.1,0.1
29145,Newton,MO,True,5127,0.1,0.1
32031,Washoe,NV,True,4244,0.1,0.0
23025,Somerset,ME,True,4782,0.1,0.1
48057,Calhoun,TX,True,7131,0.1,0.1
48329,Midland,TX,True,4337,0.1,0.0
31167,Stanton,NE,True,3990,0.1,0.0
41005,Clackamas,OR,True,3087,0.1,0.0
18007,Benton,IN,True,6539,0.1,0.1
40119,Payne,OK,True,4569,0.1,0.1
38077,Richland,ND,True,5939,0.1,0.1
06035,Lassen,CA,True,16881,0.1,0.0
27037,Dakota,MN,True,5240,0.1,0.1
32019,Lyon,NV,True,4732,0.1,0.0
21079,Garrard,KY,True,5237,0.1,0.1
01113,Russell,AL,True,2096,0.1,0.0
40137,Stephens,OK,True,5009,0.1,0.1
06055,Napa,CA,True,13982,0.1,0.1
26011,Arenac,MI,True,1795,0.1,0.0
18095,Madison,IN,True,3695,0.1,0.0
27053,Hennepin,MN,True,7833,0.1,0.0
13045,Carroll,GA,True,2469,0.1,0.0
33009,Grafton,NH,True,7360,0.1,0.1
51111,Lunenburg,VA,True,3907,0.1,0.0
29187,St. Francois,MO,True,5520,0.1,0.1
26121,Muskegon,MI,True,1982,0.1,0.0
48123,DeWitt,TX,True,5031,0.1,0.1
05141,Van Buren,AR,True,2715,0.1,0.0
29213,Taney,MO,True,2359,0.1,0.0
48203,Harrison,TX,True,3992,0.0,0.0
26105,Mason,MI,True,2038,0.0,0.0
10003,New Castle,DE,True,3920,0.0,0.0
28005,Amite,MS,True,1635,0.0,0.0
29059,Dallas,MO,True,3950,0.0,0.0
20091,Johnson,KS,True,6387,0.0,0.0
18183,Whitley,IN,True,7533,0.0,0.0
39077,Huron,OH,True,6471,0.0,0.0
46013,Brown,SD,True,4972,0.0,0.0
42075,Lebanon,PA,True,4358,0.0,0.0
28069,Kemper,MS,True,1440,0.0,0.0
51041,Chesterfield,VA,True,3963,0.0,0.0
55009,Brown,WI,True,4344,0.0,0.0
13155,Irwin,GA,True,4890,0.0,0.0
22061,Lincoln,LA,True,2216,0.0,0.0
06023,Humboldt,CA,True,18500,0.0,0.0
47061,Grundy,TN,True,4526,0.0,0.0
05119,Pulaski,AR,True,2263,0.0,0.0
26147,St. Clair,MI,True,2103,0.0,0.0
12089,Nassau,FL,True,4302,0.0,0.0
46085,Lyman,SD,True,6746,0.0,0.0
50015,Lamoille,VT,True,5435,0.0,0.0
40115,Ottawa,OK,True,4336,0.0,0.0
37137,Pamlico,NC,True,5514,0.0,0.0
50027,Windsor,VT,True,8924,0.0,0.0
13199,Meriwether,GA,True,2630,0.0,0.0
48227,Howard,TX,True,5492,0.0,0.0
49005,Cache,UT,True,1443,0.0,0.0
48371,Pecos,TX,True,4664,0.0,0.0
28107,Panola,MS,True,1983,0.0,0.0
01073,Jefferson,AL,True,2195,0.0,0.0
48055,Caldwell,TX,True,3266,0.0,0.0
32015,Lander,NV,True,2597,0.0,0.0
08059,Jefferson,CO,True,3698,0.0,0.0
20159,Rice,KS,True,6564,0.0,0.0
17125,Mason,IL,True,4843,0.0,0.0
45059,Laurens,SC,True,3350,0.0,0.0
48177,Gonzales,TX,True,3136,0.0,0.0
13095,Dougherty,GA,True,2909,0.0,0.0
39113,Montgomery,OH,True,4128,0.0,0.0
26057,Gratiot,MI,True,2433,0.0,0.0
19055,Delaware,IA,True,2486,0.0,0.0
22073,Ouachita,LA,True,2277,0.0,0.0
25025,Suffolk,MA,True,7978,0.0,0.0
28087,Lowndes,MS,True,1538,0.0,0.0
32023,Nye,NV,True,3568,0.0,0.0
29093,Iron,MO,True,3628,0.0,0.0
51820,Waynesboro,VA,True,1396,0.0,0.0
17197,Will,IL,True,2087,0.0,0.0
47149,Rutherford,TN,True,3312,0.0,0.0
41031,Jefferson,OR,True,2749,0.0,0.0
09009,New Haven,CT,True,4828,0.0,0.0
13253,Seminole,GA,True,3543,0.0,0.0
13163,Jefferson,GA,True,3442,0.0,0.0
22051,Jefferson,LA,True,2518,0.0,0.0
55137,Waushara,WI,True,4766,0.0,0.0
37191,Wayne,NC,True,4817,0.0,0.0
27067,Kandiyohi,MN,True,6094,0.0,0.0
48179,Gray,TX,True,6399,0.0,0.0
47111,Macon,TN,True,3218,0.0,0.0
39035,Cuyahoga,OH,True,3498,0.0,0.0
42017,Bucks,PA,True,5597,0.0,0.0
16009,Benewah,ID,True,2221,0.0,0.0
48213,Henderson,TX,True,3773,0.0,0.0
17035,Cumberland,IL,True,4056,0.0,0.0
53029,Island,WA,True,2378,0.0,0.0
12093,Okeechobee,FL,True,2993,0.0,0.0
27031,Cook,MN,True,6924,0.0,0.0
35043,Sandoval,NM,True,6364,0.0,0.0
26051,Gladwin,MI,True,1786,0.0,0.0
18135,Randolph,IN,True,6562,0.0,0.0
42125,Washington,PA,True,3330,0.0,0.0
22079,Rapides,LA,True,1792,0.0,0.0
20115,Marion,KS,True,7571,0.0,0.0
42043,Dauphin,PA,True,1546,0.0,0.0
46099,Minnehaha,SD,True,6632,0.0,0.0
17127,Massac,IL,True,2887,0.0,0.0
09003,Hartford,CT,True,6095,0.0,0.0
37105,Lee,NC,True,2574,0.0,0.0
33017,Strafford,NH,True,6293,0.0,0.0
22027,Claiborne,LA,True,2541,0.0,0.0
48441,Taylor,TX,True,8539,0.0,0.0
55017,Chippewa,WI,True,4272,0.0,0.0
13289,Twiggs,GA,True,3180,0.0,0.0
26149,St. Joseph,MI,True,1744,0.0,0.0
01061,Geneva,AL,True,3805,0.0,0.0
13107,Emanuel,GA,True,3151,0.0,0.0
47179,Washington,TN,True,2242,0.0,0.0
13217,Newton,GA,True,3039,0.0,0.0
28077,Lawrence,MS,True,1215,0.0,0.0
06011,Colusa,CA,True,23786,0.0,0.0
20111,Lyon,KS,True,6333,0.0,0.0
34015,Gloucester,NJ,True,6213,0.0,0.0
32003,Clark,NV,True,2987,0.0,0.0
08035,Douglas,CO,True,4074,0.0,0.0
29095,Jackson,MO,True,6123,0.0,0.0
42089,Monroe,PA,True,2790,0.0,0.0
42091,Montgomery,PA,True,955,0.0,0.0
12063,Jackson,FL,True,2649,0.0,0.0
23011,Kennebec,ME,True,2945,0.0,0.0
16047,Gooding,ID,True,4243,0.0,0.0
29069,Dunklin,MO,True,2967,0.0,0.0
25009,Essex,MA,True,6152,0.0,0.0
12033,Escambia,FL,True,6351,0.0,0.0
37017,Bladen,NC,True,4341,0.0,0.0
46081,Lawrence,SD,True,6149,0.0,0.0
13109,Evans,GA,True,4079,0.0,0.0
41057,Tillamook,OR,True,3756,0.0,0.0
48005,Angelina,TX,True,2520,0.0,0.0
30089,Sanders,MT,True,3780,0.0,0.0
12131,Walton,FL,True,3740,0.0,0.0
40103,Noble,OK,True,4794,0.0,0.0
13139,Hall,GA,True,1945,0.0,0.0
13035,Butts,GA,True,3173,0.0,0.0
06101,Sutter,CA,True,2778,0.0,0.0
20177,Shawnee,KS,True,3070,0.0,0.0
48395,Robertson,TX,True,3637,0.0,0.0
05051,Garland,AR,True,1329,0.0,0.0
20169,Saline,KS,True,6636,0.0,0.0
13173,Lanier,GA,True,4060,0.0,0.0
23015,Lincoln,ME,True,6571,0.0,0.0
39107,Mercer,OH,True,7233,0.0,0.0
31111,Lincoln,NE,True,4162,0.0,0.0
48367,Parker,TX,True,3403,0.0,0.0
20201,Washington,KS,True,7825,0.0,0.0
39063,Hancock,OH,True,5335,0.0,0.0
12043,Glades,FL,True,2570,0.0,0.0
46071,Jackson,SD,True,7386,0.0,0.0
08075,Logan,CO,True,2346,0.0,0.0
28115,Pontotoc,MS,True,2379,0.0,0.0
48157,Fort Bend,TX,True,3541,0.0,0.0
13309,Wheeler,GA,True,3179,0.0,0.0
13069,Coffee,GA,True,2534,0.0,0.0
48221,Hood,TX,True,4855,0.0,0.0
48153,Floyd,TX,True,7812,0.0,0.0
12105,Polk,FL,True,1793,0.0,0.0
35015,Eddy,NM,True,4304,0.0,0.0
40147,Washington,OK,True,4398,0.0,0.0
48375,Potter,TX,True,7053,0.0,0.0
30017,Custer,MT,True,4905,0.0,0.0
17089,Kane,IL,True,2900,0.0,0.0
23001,Androscoggin,ME,True,4951,0.0,0.0
17167,Sangamon,IL,True,5245,0.0,0.0
04017,Navajo,AZ,True,7320,0.0,0.0
06069,San Benito,CA,True,7629,0.0,0.0
40083,Logan,OK,True,4740,0.0,0.0
17037,DeKalb,IL,True,4944,0.0,0.0
31079,Hall,NE,True,6585,0.0,0.0
22101,St. Mary,LA,True,3509,0.0,0.0
26155,Shiawassee,MI,True,2470,0.0,0.0
05111,Poinsett,AR,True,4921,0.0,0.0
38071,Ramsey,ND,True,6605,0.0,0.0
06075,San Francisco,CA,True,27242,0.0,0.0
35009,Curry,NM,True,6621,0.0,0.0
48145,Falls,TX,True,4345,0.0,0.0
48135,Ector,TX,True,4392,0.0,0.0
17181,Union,IL,True,3833,0.0,0.0
08083,Montezuma,CO,True,4448,0.0,0.0
20161,Riley,KS,True,6949,0.0,0.0
30067,Park,MT,True,6968,0.0,0.0
06051,Mono,CA,True,26147,0.0,0.0
48437,Swisher,TX,True,4993,0.0,0.0
05075,Lawrence,AR,True,3836,0.0,0.0
51087,Henrico,VA,True,3021,0.0,0.0
19071,Fremont,IA,True,4902,0.0,0.0
20079,Harvey,KS,True,6076,0.0,0.0
48427,Starr,TX,True,5089,0.0,0.0
54039,Kanawha,WV,True,1152,0.0,0.0
48381,Randall,TX,True,4435,0.0,0.0
48501,Yoakum,TX,True,3794,0.0,0.0
48435,Sutton,TX,True,6773,0.0,0.0
13135,Gwinnett,GA,True,1880,0.0,0.0
46083,Lincoln,SD,True,4679,0.0,0.0
47053,Gibson,TN,True,3837,0.0,0.0
37081,Guilford,NC,True,2980,0.0,0.0
51720,Norton,VA,True,3970,0.0,0.0
01089,Madison,AL,True,4508,0.0,0.0
24510,Baltimore,MD,True,2630,0.0,0.0
48477,Washington,TX,True,4550,0.0,0.0
41027,Hood River,OR,True,1470,0.0,0.0
39119,Muskingum,OH,True,3912,0.0,0.0
22055,Lafayette,LA,True,3196,0.0,0.0
16043,Fremont,ID,True,2607,0.0,0.0
47041,DeKalb,TN,True,3113,0.0,0.0
17049,Effingham,IL,True,5420,0.0,0.0
27005,Becker,MN,True,8310,0.0,0.0
19147,Palo Alto,IA,True,2947,0.0,0.0
12009,Brevard,FL,True,4578,0.0,0.0
20145,Pawnee,KS,True,6739,0.0,0.0
39151,Stark,OH,True,3518,0.0,0.0
48013,Atascosa,TX,True,3810,0.0,0.0
41051,Multnomah,OR,True,3122,0.0,0.0
31021,Burt,NE,True,6280,0.0,0.0
19045,Clinton,IA,True,2471,0.0,0.0
53007,Chelan,WA,True,1065,0.0,0.0
21093,Hardin,KY,True,3942,0.0,0.0
48139,Ellis,TX,True,5125,0.0,0.0
29077,Greene,MO,True,3652,0.0,0.0
37021,Buncombe,NC,True,4790,0.0,0.0
25001,Barnstable,MA,True,17773,0.0,0.0
04012,La Paz,AZ,True,2480,0.0,0.0
20039,Decatur,KS,True,5141,0.0,0.0
30013,Cascade,MT,True,6631,0.0,0.0
31119,Madison,NE,True,4717,0.0,0.0
48043,Brewster,TX,True,4665,0.0,0.0
46127,Union,SD,True,4634,0.0,0.0
06093,Siskiyou,CA,True,9390,0.0,0.0
28121,Rankin,MS,True,3930,0.0,0.0
34011,Cumberland,NJ,True,5533,0.0,0.0
31025,Cass,NE,True,6151,0.0,0.0
48293,Limestone,TX,True,4806,0.0,0.0
11001,District of Columbia,DC,True,3166,0.0,0.0
27063,Jackson,MN,True,9352,0.0,0.0
40025,Cimarron,OK,True,5181,0.0,0.0
48245,Jefferson,TX,True,6262,0.0,0.0
30029,Flathead,MT,True,3983,0.0,0.0
05017,Chicot,AR,True,3745,0.0,0.0
31043,Dakota,NE,True,6515,0.0,0.0
28151,Washington,MS,True,3781,0.0,0.0
35055,Taos,NM,True,2978,0.0,0.0
53071,Walla Walla,WA,True,2736,0.0,0.0
19067,Floyd,IA,True,2267,0.0,0.0
06113,Yolo,CA,True,5397,0.0,0.0
47123,Monroe,TN,True,3002,0.0,0.0
13183,Long,GA,True,3266,0.0,0.0
48183,Gregg,TX,True,2925,0.0,0.0
19141,O'Brien,IA,True,5260,0.0,0.0
35039,Rio Arriba,NM,True,2142,0.0,0.0
05131,Sebastian,AR,True,2609,0.0,0.0
56023,Lincoln,WY,True,2353,0.0,0.0
49009,Daggett,UT,True,2483,0.0,0.0
27013,Blue Earth,MN,True,9406,0.0,0.0
29015,Benton,MO,True,3099,0.0,0.0
08037,Eagle,CO,True,2073,0.0,0.0
29047,Clay,MO,True,2535,0.0,0.0
05021,Clay,AR,True,3309,0.0,0.0
48497,Wise,TX,True,4912,0.0,0.0
55105,Rock,WI,True,4788,0.0,0.0
34017,Hudson,NJ,True,7373,0.0,0.0
48479,Webb,TX,True,3728,0.0,0.0
06115,Yuba,CA,True,1987,0.0,0.0
16053,Jerome,ID,True,3488,0.0,0.0
16039,Elmore,ID,True,4505,0.0,0.0
16057,Latah,ID,True,3941,0.0,0.0
16019,Bonneville,ID,True,4060,0.0,0.0
